============================================================
 NurseAid BLE Gateway — Unified BLE Central Gateway
============================================================
  DB Host:        postgres:5432
  DB Name:        softwatch_iot
  MQTT Host:      mosquitto:1883
  BLE Require Paired: True
  Device Sync:    every 30s
  Connect Timeout: 20.0s
  GATT TX/RX:     0000fff6-0000-1000-8000-00805f9b34fb / 0000fff7-0000-1000-8000-00805f9b34fb
  WearOS Service: 0000b100-0000-1000-8000-00805f9b34fb
  WearOS Vitals:  0000b101-0000-1000-8000-00805f9b34fb
  JStyle Commands: True
  JStyle Adv Publish: True
  JStyle GATT Connect: True
  GATT Connection Budget: 3 (WearOS reserved: 1)
  JStyle Rotation: 1 cycle(s) per connection
  Sensor Drivers: wearos, jstyle, standard_gatt, xiaomi_mibeacon, mobile_relay
============================================================
/app/nurseaid_ble_gateway.py:242: DeprecationWarning: Callback API version 1 is deprecated, update to latest version
  self.client = mqtt.Client(
[MQTT] Connected to mosquitto:1883
[MQTT] Connected successfully
[DB] Discovered 8 new device(s) from DB
[DB] Active devices: 8
[BLE] Starting main controller...
🧹 [STARTUP] Cleaning stale Bluetooth state...
{"event":"operational_status","registeredDevices":8,"connectedDevices":0,"discoveredDevices":0,"scannerActive":false,"criticalMeasurement":false,"connectionBudget":3}
    ✅ Adapter clean, ready to use
[BLE] Persistent scanner started
[BLE] Devices in range: ['03:02:02:08:29:96', '21:02:02:05:FF:9A', '21:02:02:06:9F:20', '21:02:02:06:9F:7F', '21:02:02:06:A0:63']
[BLE] Connecting to 03:02:02:08:29:96 (BLE=03:02:02:08:29:96, name=J2208A 082996, RSSI=-72 dBm)...
[BLE] Connect attempt 1/1 for 03:02:02:08:29:96
[BLE] Scanner stopped
[BLE] 03:02:02:08:29:96 disconnected
[BLE] Connected to 03:02:02:08:29:96 (attempt 1)
[BLE] Starting JStyle/iStyle monitoring for 03:02:02:08:29:96
[BLE] Persistent scanner started
[BLE] Connecting to 21:02:02:05:FF:9A (BLE=21:02:02:05:FF:9A, name=J2208A 05FF9A, RSSI=-74 dBm)...
[BLE] Connect attempt 1/1 for 21:02:02:05:FF:9A
[BLE] 03:02:02:08:29:96: Phase 1 — HR/Temp stream started (minimum=15s, hard_timeout=35s)
  [JStyle TX] 03:02:02:08:29:96 HR/Temp start: 0901000000000000000000000000000a
[BLE] 03:02:02:08:29:96: HR/Temp command sent
  [JStyle TX] 03:02:02:08:29:96 keepalive: 41000000000000000000000000000041
  [JStyle] 03:02:02:08:29:96: off-wrist confirmation 1/3
  [JStyle TX] 03:02:02:08:29:96 battery: 13000000000000000000000000000013
[BLE] Scanner stopped
[BLE] Connected to 21:02:02:05:FF:9A (attempt 1)
[BLE] Starting JStyle/iStyle monitoring for 21:02:02:05:FF:9A
[BLE] Persistent scanner started
[BLE] 21:02:02:05:FF:9A: Phase 1 — HR/Temp stream started (minimum=15s, hard_timeout=35s)
  [JStyle TX] 21:02:02:05:FF:9A HR/Temp start: 0901000000000000000000000000000a
  [JStyle] 21:02:02:05:FF:9A: off-wrist confirmation 1/3
[BLE] 21:02:02:05:FF:9A: HR/Temp command sent
  [JStyle TX] 21:02:02:05:FF:9A keepalive: 41000000000000000000000000000041
  [JStyle TX] 21:02:02:05:FF:9A battery: 13000000000000000000000000000013
[BLE] Devices in range: ['2E:1C:B8:CF:AF:06(WearOS BLE=6D:70:CB:26:02:FF name=NA-W-AF06)', '21:02:02:05:F9:DD', '21:02:02:06:9F:20', '21:02:02:06:9F:7F', '21:02:02:06:A0:63', '21:02:02:06:A0:F4', '03:02:02:08:29:96', '21:02:02:05:FF:9A']
[BLE] Connecting to 2E:1C:B8:CF:AF:06 (BLE=6D:70:CB:26:02:FF, name=NA-W-AF06, RSSI=-76 dBm)...
[BLE] Connect attempt 1/3 for 2E:1C:B8:CF:AF:06
[BLE] Scanner stopped
[DB] Active devices: 8
[BLE] Connected to 2E:1C:B8:CF:AF:06 (attempt 1)
[BLE] Starting Wear OS monitoring for 2E:1C:B8:CF:AF:06
[WearOS] 2E:1C:B8:CF:AF:06: notify subscribed on 0000b101-0000-1000-8000-00805f9b34fb
[BLE] Devices in range: ['2E:1C:B8:CF:AF:06(WearOS BLE=6D:70:CB:26:02:FF name=NA-W-AF06)', '21:02:02:05:F9:DD', '21:02:02:06:9F:7F', '21:02:02:06:A0:63', '21:02:02:06:A0:F4', '21:02:02:05:FF:9A']
[BLE] Devices in range: ['2E:1C:B8:CF:AF:06(WearOS BLE=6D:70:CB:26:02:FF name=NA-W-AF06)', '21:02:02:05:F9:DD', '21:02:02:06:9F:7F', '21:02:02:06:A0:63', '21:02:02:06:A0:F4', '21:02:02:05:FF:9A']
  [JStyle TX] 03:02:02:08:29:96 keepalive: 41000000000000000000000000000041
[BLE] Devices in range: ['2E:1C:B8:CF:AF:06(WearOS BLE=6D:70:CB:26:02:FF name=NA-W-AF06)', '21:02:02:05:F9:DD', '21:02:02:06:9F:7F', '21:02:02:06:A0:63', '21:02:02:06:A0:F4']
[BLE] 03:02:02:08:29:96: HR/Temp hard timeout (hr_samples=0, temp_samples=0)
[BLE] 03:02:02:08:29:96: waiting for isolated SpO2 measurement slot
[BLE] 03:02:02:08:29:96: Phase 2 — isolated single-shot SpO2 measurement (queue_wait=0.0s)
  [JStyle TX] 03:02:02:08:29:96 HR/Temp stop: 09000000000000000000000000000009
  [JStyle] 03:02:02:08:29:96: off-wrist confirmation 2/3
[BLE] Devices in range: ['2E:1C:B8:CF:AF:06(WearOS BLE=6D:70:CB:26:02:FF name=NA-W-AF06)', '21:02:02:05:F9:DD', '21:02:02:06:9F:7F', '21:02:02:06:A0:63', '21:02:02:06:A0:F4']
[BLE] 03:02:02:08:29:96: SpO2 stream started once (waiting for device final result)
  [JStyle TX] 03:02:02:08:29:96 SpO2 start: 2803010000000000000000000000002c
  [JStyle TX] 21:02:02:05:FF:9A keepalive: 41000000000000000000000000000041
[BLE] Devices in range: ['2E:1C:B8:CF:AF:06(WearOS BLE=6D:70:CB:26:02:FF name=NA-W-AF06)']
{"event":"operational_status","registeredDevices":8,"connectedDevices":3,"discoveredDevices":1,"scannerActive":false,"criticalMeasurement":true,"connectionBudget":3}
[DB] Active devices: 8
[BLE] 21:02:02:05:FF:9A: HR/Temp hard timeout (hr_samples=0, temp_samples=0)
[BLE] 21:02:02:05:FF:9A: waiting for isolated SpO2 measurement slot
[WearOS] Monitoring ended for 2E:1C:B8:CF:AF:06
[BLE] 03:02:02:08:29:96: stable SpO2 window complete
  [JStyle TX] 03:02:02:08:29:96 SpO2 stop: 2803000000000000000000000000002b
[BLE] 03:02:02:08:29:96: SpO2 verified=97% (OK, single stream)
[BLE] 03:02:02:08:29:96: completed 1 measurement cycle(s); rotating adapter slot (cycle_seconds=61.0)
[BLE] Monitoring ended for 03:02:02:08:29:96
[BLE] 21:02:02:05:FF:9A: Phase 2 — isolated single-shot SpO2 measurement (queue_wait=12.1s)
  [JStyle TX] 21:02:02:05:FF:9A HR/Temp stop: 09000000000000000000000000000009
  [JStyle TX] 03:02:02:08:29:96 HR/Temp stop: 09000000000000000000000000000009
    ⏳ 03:02:02:08:29:96 disconnecting safely...
  [JStyle] 21:02:02:05:FF:9A: off-wrist confirmation 2/3
[BLE] 03:02:02:08:29:96 disconnected
[BLE] 21:02:02:05:FF:9A: SpO2 stream started once (waiting for device final result)
  [JStyle TX] 21:02:02:05:FF:9A SpO2 start: 2803010000000000000000000000002c
[BLE] Persistent scanner started
[BLE] 21:02:02:05:FF:9A disconnected
[BLE] Devices in range: ['2E:1C:B8:CF:AF:06(WearOS BLE=6D:70:CB:26:02:FF name=NA-W-AF06)', '21:02:02:05:F9:DD', '21:02:02:06:9F:20', '21:02:02:06:A0:63', '21:02:02:06:A0:F4', '03:02:02:08:29:96']
[BLE] 21:02:02:05:FF:9A: SpO2 timeout after one stream (0 samples)
[BLE] Monitoring ended for 21:02:02:05:FF:9A
[BLE] Devices in range: ['2E:1C:B8:CF:AF:06(WearOS BLE=6D:70:CB:26:02:FF name=NA-W-AF06)', '21:02:02:05:F9:DD', '21:02:02:06:9F:20', '21:02:02:06:9F:7F', '21:02:02:06:A0:63', '21:02:02:06:A0:F4', '03:02:02:08:29:96']
[BLE] Connecting to 21:02:02:05:F9:DD (BLE=21:02:02:05:F9:DD, name=J2208A 05F9DD, RSSI=-76 dBm)...
[BLE] Connect attempt 1/1 for 21:02:02:05:F9:DD
[BLE] Scanner stopped
[DB] Active devices: 8
[BLE] Connected to 21:02:02:05:F9:DD (attempt 1)
[BLE] Starting JStyle/iStyle monitoring for 21:02:02:05:F9:DD
[BLE] Persistent scanner started
[BLE] Connecting to 21:02:02:06:9F:20 (BLE=21:02:02:06:9F:20, name=J2208A 069F20, RSSI=-72 dBm)...
[BLE] Connect attempt 1/1 for 21:02:02:06:9F:20
[BLE] Scanner stopped
[BLE] 21:02:02:05:F9:DD: Phase 1 — HR/Temp stream started (minimum=15s, hard_timeout=35s)
  [JStyle TX] 21:02:02:05:F9:DD HR/Temp start: 0901000000000000000000000000000a
[BLE] 21:02:02:05:F9:DD: HR/Temp command sent
  [JStyle TX] 21:02:02:05:F9:DD keepalive: 41000000000000000000000000000041
  [JStyle TX] 21:02:02:05:F9:DD battery: 13000000000000000000000000000013
[BLE] 21:02:02:06:9F:20 disconnected
[BLE] 21:02:02:06:9F:20 disconnected
[BLE] Connect exception for 21:02:02:06:9F:20 (attempt 1): 
[BLE] 21:02:02:06:9F:20: Failed after 1 attempts, fail_count=1
[BLE] 21:02:02:06:9F:20: Deferring next attempt for 15s
[BLE] Persistent scanner started
[BLE] Connecting to 21:02:02:06:9F:7F (BLE=21:02:02:06:9F:7F, name=J2208A 069F7F, RSSI=-80 dBm)...
[BLE] Connect attempt 1/1 for 21:02:02:06:9F:7F
[BLE] Scanner stopped
{"event":"operational_status","registeredDevices":8,"connectedDevices":1,"discoveredDevices":8,"scannerActive":false,"criticalMeasurement":false,"connectionBudget":3}
[DB] Active devices: 8
  [JStyle TX] 21:02:02:05:F9:DD keepalive: 41000000000000000000000000000041
[BLE] 21:02:02:06:9F:7F disconnected
[BLE] 21:02:02:05:F9:DD: HR/Temp hard timeout (hr_samples=1, temp_samples=1)
[BLE] 21:02:02:05:F9:DD: waiting for isolated SpO2 measurement slot
[BLE] 21:02:02:05:F9:DD: Phase 2 — isolated single-shot SpO2 measurement (queue_wait=0.0s)
  [JStyle TX] 21:02:02:05:F9:DD HR/Temp stop: 09000000000000000000000000000009
[BLE] Connected to 21:02:02:06:9F:7F (attempt 1)
[BLE] Starting JStyle/iStyle monitoring for 21:02:02:06:9F:7F
[BLE] 21:02:02:05:F9:DD: SpO2 stream started once (waiting for device final result)
  [JStyle TX] 21:02:02:05:F9:DD SpO2 start: 2803010000000000000000000000002c
[BLE] Persistent scanner started
[BLE] 21:02:02:06:9F:7F: Phase 1 — HR/Temp stream started (minimum=15s, hard_timeout=35s)
  [JStyle TX] 21:02:02:06:9F:7F HR/Temp start: 0901000000000000000000000000000a
[BLE] 21:02:02:06:9F:7F: HR/Temp command sent
  [JStyle TX] 21:02:02:06:9F:7F keepalive: 41000000000000000000000000000041
  [JStyle] 21:02:02:06:9F:7F: off-wrist confirmation 1/3
  [JStyle TX] 21:02:02:06:9F:7F battery: 13000000000000000000000000000013
[BLE] Devices in range: ['2E:1C:B8:CF:AF:06(WearOS BLE=6D:70:CB:26:02:FF name=NA-W-AF06)', '21:02:02:06:A0:63', '21:02:02:06:A0:F4', '03:02:02:08:29:96', '21:02:02:05:FF:9A', '21:02:02:06:9F:20']
[BLE] Devices in range: ['2E:1C:B8:CF:AF:06(WearOS BLE=6D:70:CB:26:02:FF name=NA-W-AF06)', '21:02:02:06:A0:63', '21:02:02:06:A0:F4', '03:02:02:08:29:96', '21:02:02:05:FF:9A', '21:02:02:06:9F:20']
[DB] Active devices: 8
[BLE] Devices in range: ['2E:1C:B8:CF:AF:06(WearOS BLE=6D:70:CB:26:02:FF name=NA-W-AF06)', '21:02:02:06:A0:63', '21:02:02:06:A0:F4', '03:02:02:08:29:96', '21:02:02:05:FF:9A', '21:02:02:06:9F:20']
[BLE] Devices in range: ['2E:1C:B8:CF:AF:06(WearOS BLE=6D:70:CB:26:02:FF name=NA-W-AF06)', '21:02:02:06:A0:63', '21:02:02:06:A0:F4', '03:02:02:08:29:96', '21:02:02:05:FF:9A', '21:02:02:06:9F:20']
[BLE] 21:02:02:05:F9:DD: stable SpO2 window complete
  [JStyle TX] 21:02:02:05:F9:DD SpO2 stop: 2803000000000000000000000000002b
[BLE] 21:02:02:05:F9:DD: SpO2 verified=98% (OK, single stream)
[BLE] 21:02:02:05:F9:DD: completed 1 measurement cycle(s); rotating adapter slot (cycle_seconds=69.4)
[BLE] Monitoring ended for 21:02:02:05:F9:DD
  [JStyle TX] 21:02:02:05:F9:DD HR/Temp stop: 09000000000000000000000000000009
    ⏳ 21:02:02:05:F9:DD disconnecting safely...
[BLE] Devices in range: ['2E:1C:B8:CF:AF:06(WearOS BLE=6D:70:CB:26:02:FF name=NA-W-AF06)', '21:02:02:06:A0:63', '21:02:02:06:A0:F4', '03:02:02:08:29:96', '21:02:02:05:FF:9A']
[BLE] Connecting to 2E:1C:B8:CF:AF:06 (BLE=6D:70:CB:26:02:FF, name=NA-W-AF06, RSSI=-78 dBm)...
[BLE] Connect attempt 1/3 for 2E:1C:B8:CF:AF:06
[BLE] Scanner stopped
[BLE] 21:02:02:05:F9:DD disconnected
[BLE] Connected to 2E:1C:B8:CF:AF:06 (attempt 1)
[BLE] Starting Wear OS monitoring for 2E:1C:B8:CF:AF:06
[WearOS] 2E:1C:B8:CF:AF:06: notify subscribed on 0000b101-0000-1000-8000-00805f9b34fb
[BLE] Persistent scanner started
[BLE] Connecting to 21:02:02:06:A0:63 (BLE=21:02:02:06:A0:63, name=J2208A 06A063, RSSI=-72 dBm)...
[BLE] Connect attempt 1/1 for 21:02:02:06:A0:63
[BLE] Scanner stopped
  [JStyle TX] 21:02:02:06:9F:7F keepalive: 41000000000000000000000000000041
[BLE] 21:02:02:06:9F:7F: HR/Temp hard timeout (hr_samples=0, temp_samples=0)
[BLE] 21:02:02:06:9F:7F: waiting for isolated SpO2 measurement slot
[BLE] 21:02:02:06:9F:7F: Phase 2 — isolated single-shot SpO2 measurement (queue_wait=0.0s)
  [JStyle TX] 21:02:02:06:9F:7F HR/Temp stop: 09000000000000000000000000000009
  [JStyle] 21:02:02:06:9F:7F: off-wrist confirmation 2/3
[BLE] Connected to 21:02:02:06:A0:63 (attempt 1)
[BLE] Starting JStyle/iStyle monitoring for 21:02:02:06:A0:63
[BLE] 21:02:02:06:9F:7F: SpO2 stream started once (waiting for device final result)
  [JStyle TX] 21:02:02:06:9F:7F SpO2 start: 2803010000000000000000000000002c
[BLE] 21:02:02:06:A0:63: Phase 1 — HR/Temp stream started (minimum=15s, hard_timeout=35s)
  [JStyle TX] 21:02:02:06:A0:63 HR/Temp start: 0901000000000000000000000000000a
[BLE] 21:02:02:06:A0:63: HR/Temp command sent
  [JStyle TX] 21:02:02:06:A0:63 keepalive: 41000000000000000000000000000041
  [JStyle TX] 21:02:02:06:A0:63 battery: 13000000000000000000000000000013
{"event":"operational_status","registeredDevices":8,"connectedDevices":3,"discoveredDevices":6,"scannerActive":false,"criticalMeasurement":true,"connectionBudget":3}
[DB] Active devices: 8
[BLE] Devices in range: ['2E:1C:B8:CF:AF:06(WearOS BLE=6D:70:CB:26:02:FF name=NA-W-AF06)', '21:02:02:06:A0:F4', '03:02:02:08:29:96', '21:02:02:05:FF:9A', '21:02:02:05:F9:DD', '21:02:02:06:A0:63']
[BLE] Devices in range: ['2E:1C:B8:CF:AF:06(WearOS BLE=6D:70:CB:26:02:FF name=NA-W-AF06)', '21:02:02:06:A0:F4', '03:02:02:08:29:96', '21:02:02:05:FF:9A', '21:02:02:05:F9:DD', '21:02:02:06:A0:63']
[BLE] Devices in range: ['2E:1C:B8:CF:AF:06(WearOS BLE=6D:70:CB:26:02:FF name=NA-W-AF06)', '21:02:02:05:F9:DD', '21:02:02:06:A0:63']
[BLE] 21:02:02:06:9F:7F: stable SpO2 window complete
  [JStyle TX] 21:02:02:06:9F:7F SpO2 stop: 2803000000000000000000000000002b
[BLE] 21:02:02:06:9F:7F: SpO2 verified=98% (OK, single stream)
[BLE] 21:02:02:06:9F:7F: completed 1 measurement cycle(s); rotating adapter slot (cycle_seconds=57.1)
[BLE] Monitoring ended for 21:02:02:06:9F:7F
  [JStyle TX] 21:02:02:06:9F:7F HR/Temp stop: 09000000000000000000000000000009
    ⏳ 21:02:02:06:9F:7F disconnecting safely...
[WearOS] Monitoring ended for 2E:1C:B8:CF:AF:06
[BLE] 21:02:02:06:9F:7F disconnected
[BLE] Devices in range: ['2E:1C:B8:CF:AF:06(WearOS BLE=6D:70:CB:26:02:FF name=NA-W-AF06)', '21:02:02:06:A0:63']
[BLE] Persistent scanner started
[BLE] Devices in range: ['2E:1C:B8:CF:AF:06(WearOS BLE=6D:70:CB:26:02:FF name=NA-W-AF06)', '21:02:02:06:A0:F4', '03:02:02:08:29:96', '21:02:02:05:FF:9A', '21:02:02:05:F9:DD', '21:02:02:06:9F:7F']
[BLE] Connecting to 21:02:02:06:A0:F4 (BLE=21:02:02:06:A0:F4, name=J2208A 06A0F4, RSSI=-74 dBm)...
[BLE] Connect attempt 1/1 for 21:02:02:06:A0:F4
[BLE] Scanner stopped
[BLE] 21:02:02:06:A0:F4 disconnected
[BLE] 21:02:02:06:A0:F4 disconnected
  [JStyle TX] 21:02:02:06:A0:63 keepalive: 41000000000000000000000000000041
[DB] Active devices: 8
[BLE] 21:02:02:06:A0:F4 disconnected
[BLE] 21:02:02:06:A0:63: HR/Temp hard timeout (hr_samples=1, temp_samples=1)
[BLE] 21:02:02:06:A0:63: waiting for isolated SpO2 measurement slot
[BLE] 21:02:02:06:A0:63: Phase 2 — isolated single-shot SpO2 measurement (queue_wait=0.0s)
  [JStyle TX] 21:02:02:06:A0:63 HR/Temp stop: 09000000000000000000000000000009
[BLE] 21:02:02:06:A0:F4 disconnected
[BLE] Connect exception for 21:02:02:06:A0:F4 (attempt 1): 
[BLE] 21:02:02:06:A0:F4: Failed after 1 attempts, fail_count=1
[BLE] 21:02:02:06:A0:F4: Deferring next attempt for 15s
[BLE] 21:02:02:06:A0:63: SpO2 stream started once (waiting for device final result)
  [JStyle TX] 21:02:02:06:A0:63 SpO2 start: 2803010000000000000000000000002c
[BLE] Persistent scanner started
[BLE] Devices in range: ['2E:1C:B8:CF:AF:06(WearOS BLE=6D:70:CB:26:02:FF name=NA-W-AF06)', '03:02:02:08:29:96', '21:02:02:05:FF:9A', '21:02:02:05:F9:DD', '21:02:02:06:9F:7F', '21:02:02:06:A0:F4']
[BLE] Devices in range: ['2E:1C:B8:CF:AF:06(WearOS BLE=6D:70:CB:26:02:FF name=NA-W-AF06)', '03:02:02:08:29:96', '21:02:02:05:FF:9A', '21:02:02:05:F9:DD', '21:02:02:06:9F:20', '21:02:02:06:A0:F4']
[BLE] Devices in range: ['2E:1C:B8:CF:AF:06(WearOS BLE=6D:70:CB:26:02:FF name=NA-W-AF06)', '03:02:02:08:29:96', '21:02:02:05:FF:9A', '21:02:02:05:F9:DD', '21:02:02:06:A0:F4']
{"event":"operational_status","registeredDevices":8,"connectedDevices":1,"discoveredDevices":5,"scannerActive":true,"criticalMeasurement":true,"connectionBudget":3}
[DB] Active devices: 8
[BLE] 21:02:02:06:A0:63: stable SpO2 window complete
  [JStyle TX] 21:02:02:06:A0:63 SpO2 stop: 2803000000000000000000000000002b
[BLE] 21:02:02:06:A0:63: SpO2 verified=98% (OK, single stream)
[BLE] 21:02:02:06:A0:63: completed 1 measurement cycle(s); rotating adapter slot (cycle_seconds=64.3)
[BLE] Monitoring ended for 21:02:02:06:A0:63
  [JStyle TX] 21:02:02:06:A0:63 HR/Temp stop: 09000000000000000000000000000009
    ⏳ 21:02:02:06:A0:63 disconnecting safely...
[BLE] 21:02:02:06:A0:63 disconnected
[BLE] Devices in range: ['2E:1C:B8:CF:AF:06(WearOS BLE=6D:70:CB:26:02:FF name=NA-W-AF06)', '03:02:02:08:29:96', '21:02:02:05:FF:9A', '21:02:02:06:9F:20', '21:02:02:06:A0:F4']
[BLE] Connecting to 03:02:02:08:29:96 (BLE=03:02:02:08:29:96, name=J2208A 082996, RSSI=-76 dBm)...
[BLE] Connect attempt 1/1 for 03:02:02:08:29:96
[BLE] Scanner stopped
[BLE] Connected to 03:02:02:08:29:96 (attempt 1)
[BLE] Starting JStyle/iStyle monitoring for 03:02:02:08:29:96
[BLE] Persistent scanner started
[BLE] Connecting to 21:02:02:05:FF:9A (BLE=21:02:02:05:FF:9A, name=J2208A 05FF9A, RSSI=-76 dBm)...
[BLE] Connect attempt 1/1 for 21:02:02:05:FF:9A
[BLE] 03:02:02:08:29:96: Phase 1 — HR/Temp stream started (minimum=15s, hard_timeout=35s)
  [JStyle TX] 03:02:02:08:29:96 HR/Temp start: 0901000000000000000000000000000a
[BLE] 03:02:02:08:29:96: HR/Temp command sent
  [JStyle TX] 03:02:02:08:29:96 keepalive: 41000000000000000000000000000041
  [JStyle TX] 03:02:02:08:29:96 battery: 13000000000000000000000000000013
[BLE] Scanner stopped
[DB] Active devices: 8
[BLE] Connected to 21:02:02:05:FF:9A (attempt 1)
[BLE] Starting JStyle/iStyle monitoring for 21:02:02:05:FF:9A
[BLE] Persistent scanner started
[BLE] 21:02:02:05:FF:9A: Phase 1 — HR/Temp stream started (minimum=15s, hard_timeout=35s)
  [JStyle TX] 21:02:02:05:FF:9A HR/Temp start: 0901000000000000000000000000000a
[BLE] 21:02:02:05:FF:9A disconnected
    ⚠️ 21:02:02:05:FF:9A: HR/Temp command error: (<BleakGATTProtocolErrorCode.UNLIKELY_ERROR: 14>, 'GATT Protocol Error: Unlikely Error')
[BLE] 21:02:02:05:FF:9A: HR/Temp connection ended (elapsed=3.0s, hr_samples=0, temp_samples=0)
[BLE] Monitoring ended for 21:02:02:05:FF:9A
[BLE] Devices in range: ['21:02:02:05:F9:DD', '21:02:02:06:9F:7F', '21:02:02:06:A0:63', '21:02:02:06:A0:F4']
[BLE] Connecting to 21:02:02:05:F9:DD (BLE=21:02:02:05:F9:DD, name=J2208A 05F9DD, RSSI=-78 dBm)...
[BLE] Connect attempt 1/1 for 21:02:02:05:F9:DD
[BLE] Scanner stopped
  [JStyle TX] 03:02:02:08:29:96 keepalive: 41000000000000000000000000000041
[BLE] 03:02:02:08:29:96: HR/Temp hard timeout (hr_samples=1, temp_samples=1)
[BLE] 03:02:02:08:29:96: waiting for isolated SpO2 measurement slot
[BLE] 03:02:02:08:29:96: Phase 2 — isolated single-shot SpO2 measurement (queue_wait=0.0s)
  [JStyle TX] 03:02:02:08:29:96 HR/Temp stop: 09000000000000000000000000000009
{"event":"operational_status","registeredDevices":8,"connectedDevices":1,"discoveredDevices":4,"scannerActive":false,"criticalMeasurement":true,"connectionBudget":3}
[DB] Active devices: 8
[BLE] Connect exception for 21:02:02:05:F9:DD (attempt 1): 
[BLE] 21:02:02:05:F9:DD: Failed after 1 attempts, fail_count=1
[BLE] 21:02:02:05:F9:DD: Deferring next attempt for 15s
[BLE] 03:02:02:08:29:96: SpO2 stream started once (waiting for device final result)
  [JStyle TX] 03:02:02:08:29:96 SpO2 start: 2803010000000000000000000000002c
[BLE] Persistent scanner started
[BLE] Devices in range: ['2E:1C:B8:CF:AF:06(WearOS BLE=6D:70:CB:26:02:FF name=NA-W-AF06)', '21:02:02:06:9F:7F', '21:02:02:06:A0:63', '21:02:02:06:A0:F4', '21:02:02:05:FF:9A', '21:02:02:05:F9:DD']
[BLE] Devices in range: ['2E:1C:B8:CF:AF:06(WearOS BLE=6D:70:CB:26:02:FF name=NA-W-AF06)', '21:02:02:06:9F:7F', '21:02:02:06:A0:63', '21:02:02:06:A0:F4', '21:02:02:05:FF:9A', '21:02:02:05:F9:DD']
[BLE] Devices in range: ['2E:1C:B8:CF:AF:06(WearOS BLE=6D:70:CB:26:02:FF name=NA-W-AF06)', '21:02:02:06:9F:7F', '21:02:02:06:A0:63', '21:02:02:06:A0:F4', '21:02:02:05:FF:9A', '21:02:02:05:F9:DD']
[BLE] Devices in range: ['2E:1C:B8:CF:AF:06(WearOS BLE=6D:70:CB:26:02:FF name=NA-W-AF06)', '21:02:02:06:9F:20', '21:02:02:06:9F:7F', '21:02:02:06:A0:63', '21:02:02:06:A0:F4', '21:02:02:05:FF:9A', '21:02:02:05:F9:DD']
[BLE] Devices in range: ['2E:1C:B8:CF:AF:06(WearOS BLE=6D:70:CB:26:02:FF name=NA-W-AF06)', '21:02:02:06:9F:20', '21:02:02:06:9F:7F', '21:02:02:06:A0:63', '21:02:02:06:A0:F4', '21:02:02:05:FF:9A']
[DB] Active devices: 8
[BLE] Devices in range: ['2E:1C:B8:CF:AF:06(WearOS BLE=6D:70:CB:26:02:FF name=NA-W-AF06)', '21:02:02:06:9F:20', '21:02:02:06:9F:7F', '21:02:02:06:A0:63', '21:02:02:06:A0:F4', '21:02:02:05:FF:9A', '21:02:02:05:F9:DD']
[BLE] 03:02:02:08:29:96: stable SpO2 window complete
  [JStyle TX] 03:02:02:08:29:96 SpO2 stop: 2803000000000000000000000000002b
[BLE] 03:02:02:08:29:96: SpO2 verified=96% (OK, single stream)
[BLE] 03:02:02:08:29:96: completed 1 measurement cycle(s); rotating adapter slot (cycle_seconds=84.3)
[BLE] Monitoring ended for 03:02:02:08:29:96
  [JStyle TX] 03:02:02:08:29:96 HR/Temp stop: 09000000000000000000000000000009
    ⏳ 03:02:02:08:29:96 disconnecting safely...
[BLE] 03:02:02:08:29:96 disconnected
[BLE] Devices in range: ['2E:1C:B8:CF:AF:06(WearOS BLE=6D:70:CB:26:02:FF name=NA-W-AF06)', '21:02:02:06:9F:20', '21:02:02:06:A0:63', '21:02:02:06:A0:F4', '21:02:02:05:FF:9A', '21:02:02:05:F9:DD']
[BLE] Connecting to 2E:1C:B8:CF:AF:06 (BLE=6D:70:CB:26:02:FF, name=NA-W-AF06, RSSI=-70 dBm)...
[BLE] Connect attempt 1/3 for 2E:1C:B8:CF:AF:06
[BLE] Scanner stopped
[BLE] Connected to 2E:1C:B8:CF:AF:06 (attempt 1)
[BLE] Starting Wear OS monitoring for 2E:1C:B8:CF:AF:06
[WearOS] 2E:1C:B8:CF:AF:06: notify subscribed on 0000b101-0000-1000-8000-00805f9b34fb
[BLE] Persistent scanner started
[BLE] Connecting to 21:02:02:06:9F:20 (BLE=21:02:02:06:9F:20, name=J2208A 069F20, RSSI=-78 dBm)...
[BLE] Connect attempt 1/1 for 21:02:02:06:9F:20
[BLE] Scanner stopped
[BLE] Connected to 21:02:02:06:9F:20 (attempt 1)
[BLE] Starting JStyle/iStyle monitoring for 21:02:02:06:9F:20
[BLE] Persistent scanner started
[BLE] Connecting to 21:02:02:06:A0:63 (BLE=21:02:02:06:A0:63, name=J2208A 06A063, RSSI=-78 dBm)...
[BLE] Connect attempt 1/1 for 21:02:02:06:A0:63
[BLE] 21:02:02:06:9F:20: Phase 1 — HR/Temp stream started (minimum=15s, hard_timeout=35s)
  [JStyle TX] 21:02:02:06:9F:20 HR/Temp start: 0901000000000000000000000000000a
[BLE] 21:02:02:06:9F:20: HR/Temp command sent
  [JStyle TX] 21:02:02:06:9F:20 keepalive: 41000000000000000000000000000041
  [JStyle TX] 21:02:02:06:9F:20 battery: 13000000000000000000000000000013
[BLE] Scanner stopped
{"event":"operational_status","registeredDevices":8,"connectedDevices":2,"discoveredDevices":8,"scannerActive":false,"criticalMeasurement":false,"connectionBudget":3}
[DB] Active devices: 8
[BLE] Connected to 21:02:02:06:A0:63 (attempt 1)
[BLE] Starting JStyle/iStyle monitoring for 21:02:02:06:A0:63
[BLE] 21:02:02:06:A0:63: Phase 1 — HR/Temp stream started (minimum=15s, hard_timeout=35s)
  [JStyle TX] 21:02:02:06:A0:63 HR/Temp start: 0901000000000000000000000000000a
[BLE] 21:02:02:06:A0:63: HR/Temp command sent
  [JStyle TX] 21:02:02:06:A0:63 keepalive: 41000000000000000000000000000041
  [JStyle TX] 21:02:02:06:A0:63 battery: 13000000000000000000000000000013
[BLE] Devices in range: ['2E:1C:B8:CF:AF:06(WearOS BLE=6D:70:CB:26:02:FF name=NA-W-AF06)', '21:02:02:06:A0:F4', '03:02:02:08:29:96', '21:02:02:05:FF:9A', '21:02:02:05:F9:DD', '21:02:02:06:9F:20', '21:02:02:06:A0:63']
[BLE] Devices in range: ['2E:1C:B8:CF:AF:06(WearOS BLE=6D:70:CB:26:02:FF name=NA-W-AF06)', '21:02:02:06:A0:F4', '03:02:02:08:29:96', '21:02:02:05:FF:9A', '21:02:02:05:F9:DD', '21:02:02:06:9F:20', '21:02:02:06:A0:63']
[WearOS] Monitoring ended for 2E:1C:B8:CF:AF:06
[BLE] Devices in range: ['03:02:02:08:29:96', '21:02:02:05:FF:9A', '21:02:02:05:F9:DD', '21:02:02:06:9F:20', '21:02:02:06:A0:63']
[BLE] Persistent scanner started
[BLE] 21:02:02:06:A0:63: HR/Temp stable; ending phase early (elapsed=15.1s, first_hr=0.0s, first_temp=0.0s, samples=3)
[BLE] 21:02:02:06:A0:63: waiting for isolated SpO2 measurement slot
[BLE] 21:02:02:06:A0:63: Phase 2 — isolated single-shot SpO2 measurement (queue_wait=0.0s)
  [JStyle TX] 21:02:02:06:A0:63 HR/Temp stop: 09000000000000000000000000000009
[BLE] Devices in range: ['2E:1C:B8:CF:AF:06(WearOS BLE=6D:70:CB:26:02:FF name=NA-W-AF06)', '03:02:02:08:29:96', '21:02:02:05:FF:9A', '21:02:02:05:F9:DD', '21:02:02:06:A0:63']
[BLE] Scanner stopped
[BLE] 21:02:02:06:A0:63: SpO2 stream started once (waiting for device final result)
  [JStyle TX] 21:02:02:06:A0:63 SpO2 start: 2803010000000000000000000000002c
[BLE] Devices in range: ['2E:1C:B8:CF:AF:06(WearOS BLE=6D:70:CB:26:02:FF name=NA-W-AF06)', '03:02:02:08:29:96', '21:02:02:05:FF:9A', '21:02:02:05:F9:DD', '21:02:02:06:A0:63']
[BLE] Persistent scanner started
  [JStyle TX] 21:02:02:06:9F:20 keepalive: 41000000000000000000000000000041
[DB] Active devices: 8
[BLE] Devices in range: ['2E:1C:B8:CF:AF:06(WearOS BLE=6D:70:CB:26:02:FF name=NA-W-AF06)', '21:02:02:06:9F:7F', '03:02:02:08:29:96', '21:02:02:05:FF:9A', '21:02:02:05:F9:DD']
[BLE] 21:02:02:06:9F:20: HR/Temp hard timeout (hr_samples=2, temp_samples=2)
[BLE] 21:02:02:06:9F:20: waiting for isolated SpO2 measurement slot
[BLE] Devices in range: ['2E:1C:B8:CF:AF:06(WearOS BLE=6D:70:CB:26:02:FF name=NA-W-AF06)', '21:02:02:06:9F:7F', '03:02:02:08:29:96', '21:02:02:05:FF:9A', '21:02:02:05:F9:DD']
[BLE] 21:02:02:06:A0:63: stable SpO2 window complete
  [JStyle TX] 21:02:02:06:A0:63 SpO2 stop: 2803000000000000000000000000002b
[BLE] 21:02:02:06:A0:63: SpO2 verified=98% (OK, single stream)
[BLE] 21:02:02:06:A0:63: completed 1 measurement cycle(s); rotating adapter slot (cycle_seconds=36.3)
[BLE] Monitoring ended for 21:02:02:06:A0:63
[BLE] 21:02:02:06:9F:20: Phase 2 — isolated single-shot SpO2 measurement (queue_wait=5.0s)
  [JStyle TX] 21:02:02:06:9F:20 HR/Temp stop: 09000000000000000000000000000009
  [JStyle TX] 21:02:02:06:A0:63 HR/Temp stop: 09000000000000000000000000000009
    ⏳ 21:02:02:06:A0:63 disconnecting safely...
[BLE] 21:02:02:06:A0:63 disconnected
[BLE] Scanner stopped
[BLE] 21:02:02:06:9F:20: SpO2 stream started once (waiting for device final result)
  [JStyle TX] 21:02:02:06:9F:20 SpO2 start: 2803010000000000000000000000002c
[BLE] Devices in range: ['2E:1C:B8:CF:AF:06(WearOS BLE=6D:70:CB:26:02:FF name=NA-W-AF06)', '21:02:02:06:9F:7F', '21:02:02:06:A0:F4', '03:02:02:08:29:96', '21:02:02:05:FF:9A', '21:02:02:05:F9:DD']
[BLE] Persistent scanner started
[BLE] Devices in range: ['2E:1C:B8:CF:AF:06(WearOS BLE=6D:70:CB:26:02:FF name=NA-W-AF06)', '21:02:02:06:9F:7F', '21:02:02:06:A0:F4', '03:02:02:08:29:96', '21:02:02:05:FF:9A', '21:02:02:05:F9:DD', '21:02:02:06:A0:63']
[BLE] Devices in range: ['2E:1C:B8:CF:AF:06(WearOS BLE=6D:70:CB:26:02:FF name=NA-W-AF06)', '21:02:02:06:9F:7F', '21:02:02:06:A0:F4', '03:02:02:08:29:96', '21:02:02:05:FF:9A', '21:02:02:05:F9:DD', '21:02:02:06:A0:63']
[BLE] Devices in range: ['2E:1C:B8:CF:AF:06(WearOS BLE=6D:70:CB:26:02:FF name=NA-W-AF06)', '21:02:02:06:9F:7F', '21:02:02:06:A0:F4', '03:02:02:08:29:96', '21:02:02:05:FF:9A', '21:02:02:05:F9:DD', '21:02:02:06:A0:63']
[BLE] 21:02:02:06:9F:20: stable SpO2 window complete
  [JStyle TX] 21:02:02:06:9F:20 SpO2 stop: 2803000000000000000000000000002b
[BLE] 21:02:02:06:9F:20: SpO2 verified=95% (OK, single stream)
[BLE] 21:02:02:06:9F:20: completed 1 measurement cycle(s); rotating adapter slot (cycle_seconds=65.4)
[BLE] Monitoring ended for 21:02:02:06:9F:20
  [JStyle TX] 21:02:02:06:9F:20 HR/Temp stop: 09000000000000000000000000000009
    ⏳ 21:02:02:06:9F:20 disconnecting safely...
{"event":"operational_status","registeredDevices":8,"connectedDevices":1,"discoveredDevices":7,"scannerActive":true,"criticalMeasurement":false,"connectionBudget":3}
[DB] Active devices: 8
[BLE] Devices in range: ['2E:1C:B8:CF:AF:06(WearOS BLE=6D:70:CB:26:02:FF name=NA-W-AF06)', '21:02:02:06:9F:7F', '21:02:02:06:A0:F4', '03:02:02:08:29:96', '21:02:02:05:FF:9A', '21:02:02:05:F9:DD', '21:02:02:06:A0:63']
[BLE] Connecting to 21:02:02:06:9F:7F (BLE=21:02:02:06:9F:7F, name=J2208A 069F7F, RSSI=-82 dBm)...
[BLE] Connect attempt 1/1 for 21:02:02:06:9F:7F
[BLE] Scanner stopped
[BLE] 21:02:02:06:9F:20 disconnected
[BLE] Connected to 21:02:02:06:9F:7F (attempt 1)
[BLE] Starting JStyle/iStyle monitoring for 21:02:02:06:9F:7F
[BLE] Persistent scanner started
[BLE] Connecting to 21:02:02:06:A0:F4 (BLE=21:02:02:06:A0:F4, name=J2208A 06A0F4, RSSI=-80 dBm)...
[BLE] Connect attempt 1/1 for 21:02:02:06:A0:F4
[BLE] 21:02:02:06:9F:7F: Phase 1 — HR/Temp stream started (minimum=15s, hard_timeout=35s)
  [JStyle TX] 21:02:02:06:9F:7F HR/Temp start: 0901000000000000000000000000000a
[BLE] 21:02:02:06:9F:7F: HR/Temp command sent
  [JStyle TX] 21:02:02:06:9F:7F keepalive: 41000000000000000000000000000041
  [JStyle] 21:02:02:06:9F:7F: off-wrist confirmation 1/3
  [JStyle TX] 21:02:02:06:9F:7F battery: 13000000000000000000000000000013
[BLE] Scanner stopped
[BLE] Connected to 21:02:02:06:A0:F4 (attempt 1)
[BLE] Starting JStyle/iStyle monitoring for 21:02:02:06:A0:F4
[BLE] Persistent scanner started
[BLE] 21:02:02:06:A0:F4: Phase 1 — HR/Temp stream started (minimum=15s, hard_timeout=35s)
  [JStyle TX] 21:02:02:06:A0:F4 HR/Temp start: 0901000000000000000000000000000a
[BLE] 21:02:02:06:A0:F4: HR/Temp command sent
  [JStyle TX] 21:02:02:06:A0:F4 keepalive: 41000000000000000000000000000041
  [JStyle] 21:02:02:06:A0:F4: off-wrist confirmation 1/3
  [JStyle TX] 21:02:02:06:A0:F4 battery: 13000000000000000000000000000013
[BLE] Devices in range: ['2E:1C:B8:CF:AF:06(WearOS BLE=6D:70:CB:26:02:FF name=NA-W-AF06)', '03:02:02:08:29:96', '21:02:02:05:FF:9A', '21:02:02:05:F9:DD', '21:02:02:06:9F:20', '21:02:02:06:A0:63', '21:02:02:06:9F:7F', '21:02:02:06:A0:F4']
[BLE] Connecting to 2E:1C:B8:CF:AF:06 (BLE=6D:70:CB:26:02:FF, name=NA-W-AF06, RSSI=-74 dBm)...
[BLE] Connect attempt 1/3 for 2E:1C:B8:CF:AF:06
[BLE] Scanner stopped
[BLE] Connected to 2E:1C:B8:CF:AF:06 (attempt 1)
[BLE] Starting Wear OS monitoring for 2E:1C:B8:CF:AF:06
[WearOS] 2E:1C:B8:CF:AF:06: notify subscribed on 0000b101-0000-1000-8000-00805f9b34fb
[DB] Active devices: 8
[BLE] Devices in range: ['2E:1C:B8:CF:AF:06(WearOS BLE=6D:70:CB:26:02:FF name=NA-W-AF06)', '03:02:02:08:29:96', '21:02:02:05:FF:9A', '21:02:02:06:9F:20', '21:02:02:06:A0:63', '21:02:02:06:A0:F4']
[BLE] Devices in range: ['2E:1C:B8:CF:AF:06(WearOS BLE=6D:70:CB:26:02:FF name=NA-W-AF06)', '03:02:02:08:29:96', '21:02:02:05:FF:9A', '21:02:02:06:9F:20', '21:02:02:06:A0:63', '21:02:02:06:A0:F4']
[BLE] Devices in range: ['2E:1C:B8:CF:AF:06(WearOS BLE=6D:70:CB:26:02:FF name=NA-W-AF06)', '03:02:02:08:29:96', '21:02:02:05:FF:9A', '21:02:02:06:9F:20', '21:02:02:06:A0:63', '21:02:02:06:A0:F4']
  [JStyle TX] 21:02:02:06:9F:7F keepalive: 41000000000000000000000000000041
[BLE] Devices in range: ['2E:1C:B8:CF:AF:06(WearOS BLE=6D:70:CB:26:02:FF name=NA-W-AF06)', '03:02:02:08:29:96', '21:02:02:05:FF:9A', '21:02:02:06:9F:20', '21:02:02:06:A0:63']
[BLE] 21:02:02:06:9F:7F: HR/Temp hard timeout (hr_samples=0, temp_samples=0)
[BLE] 21:02:02:06:9F:7F: waiting for isolated SpO2 measurement slot
[BLE] 21:02:02:06:9F:7F: Phase 2 — isolated single-shot SpO2 measurement (queue_wait=0.0s)
  [JStyle TX] 21:02:02:06:9F:7F HR/Temp stop: 09000000000000000000000000000009
  [JStyle] 21:02:02:06:9F:7F: off-wrist confirmation 2/3
  [JStyle TX] 21:02:02:06:A0:F4 keepalive: 41000000000000000000000000000041
[BLE] 21:02:02:06:9F:7F: SpO2 stream started once (waiting for device final result)
  [JStyle TX] 21:02:02:06:9F:7F SpO2 start: 2803010000000000000000000000002c
[BLE] Devices in range: ['2E:1C:B8:CF:AF:06(WearOS BLE=6D:70:CB:26:02:FF name=NA-W-AF06)', '03:02:02:08:29:96', '21:02:02:06:9F:20', '21:02:02:06:A0:63']
[BLE] 21:02:02:06:A0:F4: HR/Temp hard timeout (hr_samples=0, temp_samples=0)
[BLE] 21:02:02:06:A0:F4: waiting for isolated SpO2 measurement slot
[WearOS] Monitoring ended for 2E:1C:B8:CF:AF:06
{"event":"operational_status","registeredDevices":8,"connectedDevices":3,"discoveredDevices":0,"scannerActive":false,"criticalMeasurement":true,"connectionBudget":3}
[DB] Active devices: 8
[BLE] 21:02:02:06:9F:7F: stable SpO2 window complete
  [JStyle TX] 21:02:02:06:9F:7F SpO2 stop: 2803000000000000000000000000002b
[BLE] 21:02:02:06:9F:7F: SpO2 verified=97% (OK, single stream)
[BLE] 21:02:02:06:9F:7F: completed 1 measurement cycle(s); rotating adapter slot (cycle_seconds=57.0)
[BLE] Monitoring ended for 21:02:02:06:9F:7F
[BLE] 21:02:02:06:A0:F4: Phase 2 — isolated single-shot SpO2 measurement (queue_wait=11.8s)
  [JStyle TX] 21:02:02:06:A0:F4 HR/Temp stop: 09000000000000000000000000000009
  [JStyle TX] 21:02:02:06:9F:7F HR/Temp stop: 09000000000000000000000000000009
    ⏳ 21:02:02:06:9F:7F disconnecting safely...
  [JStyle] 21:02:02:06:A0:F4: off-wrist confirmation 2/3
[BLE] 21:02:02:06:9F:7F disconnected
[BLE] 21:02:02:06:A0:F4: SpO2 stream started once (waiting for device final result)
  [JStyle TX] 21:02:02:06:A0:F4 SpO2 start: 2803010000000000000000000000002c
[BLE] Persistent scanner started
[BLE] 21:02:02:06:A0:F4 disconnected
[BLE] Devices in range: ['2E:1C:B8:CF:AF:06(WearOS BLE=6D:70:CB:26:02:FF name=NA-W-AF06)', '03:02:02:08:29:96', '21:02:02:05:FF:9A', '21:02:02:05:F9:DD', '21:02:02:06:9F:20', '21:02:02:06:A0:63']
[BLE] 21:02:02:06:A0:F4: SpO2 timeout after one stream (0 samples)
[BLE] Monitoring ended for 21:02:02:06:A0:F4
[BLE] Devices in range: ['2E:1C:B8:CF:AF:06(WearOS BLE=6D:70:CB:26:02:FF name=NA-W-AF06)', '03:02:02:08:29:96', '21:02:02:05:FF:9A', '21:02:02:05:F9:DD', '21:02:02:06:A0:63', '21:02:02:06:9F:7F']
[BLE] Connecting to 03:02:02:08:29:96 (BLE=03:02:02:08:29:96, name=J2208A 082996, RSSI=-78 dBm)...
[BLE] Connect attempt 1/1 for 03:02:02:08:29:96
[BLE] Scanner stopped
[BLE] 03:02:02:08:29:96 disconnected
[BLE] Connected to 03:02:02:08:29:96 (attempt 1)
[BLE] Starting JStyle/iStyle monitoring for 03:02:02:08:29:96
[BLE] Persistent scanner started
[DB] Active devices: 8
[BLE] Connecting to 21:02:02:05:FF:9A (BLE=21:02:02:05:FF:9A, name=J2208A 05FF9A, RSSI=-74 dBm)...
[BLE] Connect attempt 1/1 for 21:02:02:05:FF:9A
[BLE] Scanner stopped
[BLE] 03:02:02:08:29:96: Phase 1 — HR/Temp stream started (minimum=15s, hard_timeout=35s)
  [JStyle TX] 03:02:02:08:29:96 HR/Temp start: 0901000000000000000000000000000a
[BLE] 03:02:02:08:29:96: HR/Temp command sent
  [JStyle TX] 03:02:02:08:29:96 keepalive: 41000000000000000000000000000041
  [JStyle TX] 03:02:02:08:29:96 battery: 13000000000000000000000000000013
[BLE] Connect exception for 21:02:02:05:FF:9A (attempt 1): 
[BLE] 21:02:02:05:FF:9A: Failed after 1 attempts, fail_count=1
[BLE] 21:02:02:05:FF:9A: Deferring next attempt for 15s
[BLE] Persistent scanner started
[BLE] Connecting to 21:02:02:05:F9:DD (BLE=21:02:02:05:F9:DD, name=J2208A 05F9DD, RSSI=-80 dBm)...
[BLE] Connect attempt 1/1 for 21:02:02:05:F9:DD
[BLE] Scanner stopped
{"event":"operational_status","registeredDevices":8,"connectedDevices":1,"discoveredDevices":7,"scannerActive":false,"criticalMeasurement":false,"connectionBudget":3}
[DB] Active devices: 8
  [JStyle TX] 03:02:02:08:29:96 keepalive: 41000000000000000000000000000041
[BLE] Connected to 21:02:02:05:F9:DD (attempt 1)
[BLE] Starting JStyle/iStyle monitoring for 21:02:02:05:F9:DD
[BLE] Persistent scanner started
[BLE] 21:02:02:05:F9:DD: Phase 1 — HR/Temp stream started (minimum=15s, hard_timeout=35s)
  [JStyle TX] 21:02:02:05:F9:DD HR/Temp start: 0901000000000000000000000000000a
[BLE] 21:02:02:05:F9:DD: HR/Temp command sent
  [JStyle TX] 21:02:02:05:F9:DD keepalive: 41000000000000000000000000000041
  [JStyle TX] 21:02:02:05:F9:DD battery: 13000000000000000000000000000013
[BLE] 03:02:02:08:29:96: HR/Temp hard timeout (hr_samples=1, temp_samples=1)
[BLE] 03:02:02:08:29:96: waiting for isolated SpO2 measurement slot
[BLE] 03:02:02:08:29:96: Phase 2 — isolated single-shot SpO2 measurement (queue_wait=0.0s)
  [JStyle TX] 03:02:02:08:29:96 HR/Temp stop: 09000000000000000000000000000009
[BLE] Devices in range: ['2E:1C:B8:CF:AF:06(WearOS BLE=6D:70:CB:26:02:FF name=NA-W-AF06)', '21:02:02:06:9F:20', '21:02:02:06:A0:63', '21:02:02:06:9F:7F', '21:02:02:06:A0:F4', '21:02:02:05:FF:9A', '21:02:02:05:F9:DD']
[BLE] Scanner stopped
[BLE] 03:02:02:08:29:96: SpO2 stream started once (waiting for device final result)
  [JStyle TX] 03:02:02:08:29:96 SpO2 start: 2803010000000000000000000000002c
[BLE] Devices in range: ['2E:1C:B8:CF:AF:06(WearOS BLE=6D:70:CB:26:02:FF name=NA-W-AF06)', '21:02:02:06:9F:20', '21:02:02:06:A0:63', '21:02:02:06:9F:7F', '21:02:02:06:A0:F4', '21:02:02:05:FF:9A', '21:02:02:05:F9:DD']
[BLE] Persistent scanner started
[BLE] Devices in range: ['2E:1C:B8:CF:AF:06(WearOS BLE=6D:70:CB:26:02:FF name=NA-W-AF06)', '21:02:02:06:9F:20', '21:02:02:06:A0:63', '21:02:02:06:9F:7F', '21:02:02:06:A0:F4', '21:02:02:05:FF:9A', '21:02:02:05:F9:DD']
[BLE] 21:02:02:05:F9:DD: HR/Temp stable; ending phase early (elapsed=15.3s, first_hr=0.1s, first_temp=0.1s, samples=3)
[BLE] 21:02:02:05:F9:DD: waiting for isolated SpO2 measurement slot
[BLE] Devices in range: ['2E:1C:B8:CF:AF:06(WearOS BLE=6D:70:CB:26:02:FF name=NA-W-AF06)', '21:02:02:06:9F:20', '21:02:02:06:A0:63', '21:02:02:06:9F:7F', '21:02:02:06:A0:F4', '21:02:02:05:FF:9A', '21:02:02:05:F9:DD']
[BLE] Devices in range: ['2E:1C:B8:CF:AF:06(WearOS BLE=6D:70:CB:26:02:FF name=NA-W-AF06)', '21:02:02:06:9F:20', '21:02:02:06:A0:63', '21:02:02:06:A0:F4', '21:02:02:05:FF:9A']
[DB] Active devices: 8
[BLE] Devices in range: ['2E:1C:B8:CF:AF:06(WearOS BLE=6D:70:CB:26:02:FF name=NA-W-AF06)', '21:02:02:06:9F:20', '21:02:02:06:A0:63', '21:02:02:06:9F:7F', '21:02:02:06:A0:F4', '21:02:02:05:FF:9A']
[BLE] Devices in range: ['2E:1C:B8:CF:AF:06(WearOS BLE=6D:70:CB:26:02:FF name=NA-W-AF06)', '21:02:02:06:9F:20', '21:02:02:06:A0:63', '21:02:02:06:9F:7F', '21:02:02:06:A0:F4', '21:02:02:05:FF:9A']
[BLE] Devices in range: ['2E:1C:B8:CF:AF:06(WearOS BLE=6D:70:CB:26:02:FF name=NA-W-AF06)', '21:02:02:06:9F:20', '21:02:02:06:A0:63', '21:02:02:06:9F:7F', '21:02:02:06:A0:F4', '21:02:02:05:FF:9A']
[BLE] Devices in range: ['2E:1C:B8:CF:AF:06(WearOS BLE=6D:70:CB:26:02:FF name=NA-W-AF06)', '21:02:02:06:9F:20', '21:02:02:06:A0:63', '21:02:02:06:9F:7F', '21:02:02:06:A0:F4', '21:02:02:05:FF:9A']
[BLE] Devices in range: ['2E:1C:B8:CF:AF:06(WearOS BLE=6D:70:CB:26:02:FF name=NA-W-AF06)', '21:02:02:06:9F:20', '21:02:02:06:A0:63', '21:02:02:06:9F:7F', '21:02:02:06:A0:F4', '21:02:02:05:FF:9A']
  [JStyle TX] 03:02:02:08:29:96 SpO2 stop: 2803000000000000000000000000002b
[BLE] 03:02:02:08:29:96: SpO2 timeout after one stream (0 samples)
[BLE] 03:02:02:08:29:96: SpO2 did not verify — keeping connection and resuming HR/Temp (count=1)
[BLE] 03:02:02:08:29:96: completed 1 measurement cycle(s); rotating adapter slot (cycle_seconds=86.1)
[BLE] Monitoring ended for 03:02:02:08:29:96
[BLE] 21:02:02:05:F9:DD: Phase 2 — isolated single-shot SpO2 measurement (queue_wait=34.9s)
  [JStyle TX] 21:02:02:05:F9:DD HR/Temp stop: 09000000000000000000000000000009
  [JStyle TX] 03:02:02:08:29:96 HR/Temp stop: 09000000000000000000000000000009
    ⏳ 03:02:02:08:29:96 disconnecting safely...
[BLE] 03:02:02:08:29:96 disconnected
[BLE] Scanner stopped
[BLE] 21:02:02:05:F9:DD: SpO2 stream started once (waiting for device final result)
  [JStyle TX] 21:02:02:05:F9:DD SpO2 start: 2803010000000000000000000000002c
[BLE] Devices in range: ['2E:1C:B8:CF:AF:06(WearOS BLE=6D:70:CB:26:02:FF name=NA-W-AF06)', '21:02:02:06:9F:20', '21:02:02:06:A0:63', '21:02:02:06:A0:F4', '21:02:02:05:FF:9A']
[BLE] Persistent scanner started
{"event":"operational_status","registeredDevices":8,"connectedDevices":1,"discoveredDevices":5,"scannerActive":true,"criticalMeasurement":true,"connectionBudget":3}
[DB] Active devices: 8
[BLE] Devices in range: ['2E:1C:B8:CF:AF:06(WearOS BLE=6D:70:CB:26:02:FF name=NA-W-AF06)', '21:02:02:06:9F:20', '21:02:02:06:A0:63', '21:02:02:06:A0:F4', '03:02:02:08:29:96', '21:02:02:05:FF:9A']
[BLE] Devices in range: ['2E:1C:B8:CF:AF:06(WearOS BLE=6D:70:CB:26:02:FF name=NA-W-AF06)', '21:02:02:06:9F:20', '21:02:02:06:A0:63', '21:02:02:06:9F:7F', '21:02:02:06:A0:F4', '03:02:02:08:29:96', '21:02:02:05:FF:9A']
[BLE] Devices in range: ['2E:1C:B8:CF:AF:06(WearOS BLE=6D:70:CB:26:02:FF name=NA-W-AF06)', '21:02:02:06:9F:20', '21:02:02:06:A0:63', '21:02:02:06:9F:7F', '03:02:02:08:29:96', '21:02:02:05:FF:9A']
[BLE] Devices in range: ['2E:1C:B8:CF:AF:06(WearOS BLE=6D:70:CB:26:02:FF name=NA-W-AF06)', '21:02:02:06:9F:20', '21:02:02:06:A0:63', '21:02:02:06:9F:7F', '21:02:02:06:A0:F4', '03:02:02:08:29:96', '21:02:02:05:FF:9A']
[BLE] Devices in range: ['2E:1C:B8:CF:AF:06(WearOS BLE=6D:70:CB:26:02:FF name=NA-W-AF06)', '21:02:02:06:9F:20', '21:02:02:06:A0:63', '21:02:02:06:9F:7F', '21:02:02:06:A0:F4', '03:02:02:08:29:96', '21:02:02:05:FF:9A']
[BLE] 21:02:02:05:F9:DD: stable SpO2 window complete
  [JStyle TX] 21:02:02:05:F9:DD SpO2 stop: 2803000000000000000000000000002b
[BLE] 21:02:02:05:F9:DD: SpO2 verified=97% (OK, single stream)
[BLE] 21:02:02:05:F9:DD: completed 1 measurement cycle(s); rotating adapter slot (cycle_seconds=84.5)
[BLE] Monitoring ended for 21:02:02:05:F9:DD
  [JStyle TX] 21:02:02:05:F9:DD HR/Temp stop: 09000000000000000000000000000009
    ⏳ 21:02:02:05:F9:DD disconnecting safely...
[BLE] Devices in range: ['2E:1C:B8:CF:AF:06(WearOS BLE=6D:70:CB:26:02:FF name=NA-W-AF06)', '21:02:02:06:A0:63', '21:02:02:06:A0:F4', '03:02:02:08:29:96', '21:02:02:05:FF:9A']
[BLE] Connecting to 2E:1C:B8:CF:AF:06 (BLE=6D:70:CB:26:02:FF, name=NA-W-AF06, RSSI=-74 dBm)...
[BLE] Connect attempt 1/3 for 2E:1C:B8:CF:AF:06
[BLE] Scanner stopped
[BLE] 21:02:02:05:F9:DD disconnected
[DB] Active devices: 8
[BLE] Connected to 2E:1C:B8:CF:AF:06 (attempt 1)
[BLE] Starting Wear OS monitoring for 2E:1C:B8:CF:AF:06
[WearOS] 2E:1C:B8:CF:AF:06: notify subscribed on 0000b101-0000-1000-8000-00805f9b34fb
[BLE] Persistent scanner started
[BLE] Connecting to 21:02:02:06:A0:63 (BLE=21:02:02:06:A0:63, name=J2208A 06A063, RSSI=-76 dBm)...
[BLE] Connect attempt 1/1 for 21:02:02:06:A0:63
[BLE] Scanner stopped
[BLE] Connected to 21:02:02:06:A0:63 (attempt 1)
[BLE] Starting JStyle/iStyle monitoring for 21:02:02:06:A0:63
[BLE] Persistent scanner started
[BLE] Connecting to 21:02:02:06:A0:F4 (BLE=21:02:02:06:A0:F4, name=J2208A 06A0F4, RSSI=-66 dBm)...
[BLE] Connect attempt 1/1 for 21:02:02:06:A0:F4
[BLE] 21:02:02:06:A0:63: Phase 1 — HR/Temp stream started (minimum=15s, hard_timeout=35s)
  [JStyle TX] 21:02:02:06:A0:63 HR/Temp start: 0901000000000000000000000000000a
  [JStyle] 21:02:02:06:A0:63: off-wrist confirmation 1/3
[BLE] 21:02:02:06:A0:63: HR/Temp command sent
  [JStyle TX] 21:02:02:06:A0:63 keepalive: 41000000000000000000000000000041
  [JStyle TX] 21:02:02:06:A0:63 battery: 13000000000000000000000000000013
[BLE] Scanner stopped
{"event":"operational_status","registeredDevices":8,"connectedDevices":2,"discoveredDevices":7,"scannerActive":false,"criticalMeasurement":false,"connectionBudget":3}
[DB] Active devices: 8
[BLE] 21:02:02:06:A0:63: HR/Temp stable; ending phase early (elapsed=15.1s, first_hr=5.4s, first_temp=5.4s, samples=3)
[BLE] 21:02:02:06:A0:63: waiting for isolated SpO2 measurement slot
[BLE] 21:02:02:06:A0:63: Phase 2 — isolated single-shot SpO2 measurement (queue_wait=0.0s)
  [JStyle TX] 21:02:02:06:A0:63 HR/Temp stop: 09000000000000000000000000000009
[BLE] 21:02:02:06:A0:F4 disconnected
[WearOS] Monitoring ended for 2E:1C:B8:CF:AF:06
[BLE] Connect exception for 21:02:02:06:A0:F4 (attempt 1): 
[BLE] 21:02:02:06:A0:F4: Failed after 1 attempts, fail_count=1
[BLE] 21:02:02:06:A0:F4: Deferring next attempt for 15s
[BLE] 21:02:02:06:A0:63: SpO2 stream started once (waiting for device final result)
  [JStyle TX] 21:02:02:06:A0:63 SpO2 start: 2803010000000000000000000000002c
[BLE] Persistent scanner started
[BLE] 21:02:02:06:A0:63 disconnected
    ⚠️ 21:02:02:06:A0:63: SpO2 start command error: (<BleakGATTProtocolErrorCode.UNLIKELY_ERROR: 14>, 'GATT Protocol Error: Unlikely Error')
[BLE] Monitoring ended for 21:02:02:06:A0:63
[BLE] Devices in range: ['2E:1C:B8:CF:AF:06(WearOS BLE=6D:70:CB:26:02:FF name=NA-W-AF06)', '21:02:02:06:9F:20', '21:02:02:05:FF:9A', '21:02:02:05:F9:DD', '21:02:02:06:A0:F4']
[BLE] Connecting to 21:02:02:06:9F:20 (BLE=21:02:02:06:9F:20, name=J2208A 069F20, RSSI=-72 dBm)...
[BLE] Connect attempt 1/1 for 21:02:02:06:9F:20
[BLE] Scanner stopped
[BLE] Connected to 21:02:02:06:9F:20 (attempt 1)
[BLE] Starting JStyle/iStyle monitoring for 21:02:02:06:9F:20
[BLE] Persistent scanner started
[BLE] Connecting to 21:02:02:05:FF:9A (BLE=21:02:02:05:FF:9A, name=J2208A 05FF9A, RSSI=-74 dBm)...
[BLE] Connect attempt 1/1 for 21:02:02:05:FF:9A
[BLE] Scanner stopped
[BLE] 21:02:02:06:9F:20: Phase 1 — HR/Temp stream started (minimum=15s, hard_timeout=35s)
  [JStyle TX] 21:02:02:06:9F:20 HR/Temp start: 0901000000000000000000000000000a
  [JStyle] 21:02:02:06:9F:20: off-wrist confirmation 1/3
[BLE] 21:02:02:06:9F:20: HR/Temp command sent
  [JStyle TX] 21:02:02:06:9F:20 keepalive: 41000000000000000000000000000041
  [JStyle TX] 21:02:02:06:9F:20 battery: 13000000000000000000000000000013
[DB] Active devices: 8
[BLE] Connected to 21:02:02:05:FF:9A (attempt 1)
[BLE] Starting JStyle/iStyle monitoring for 21:02:02:05:FF:9A
[BLE] Persistent scanner started
[BLE] 21:02:02:05:FF:9A: Phase 1 — HR/Temp stream started (minimum=15s, hard_timeout=35s)
  [JStyle TX] 21:02:02:05:FF:9A HR/Temp start: 0901000000000000000000000000000a
[BLE] Devices in range: ['2E:1C:B8:CF:AF:06(WearOS BLE=6D:70:CB:26:02:FF name=NA-W-AF06)', '21:02:02:06:9F:7F', '03:02:02:08:29:96', '21:02:02:06:A0:63', '21:02:02:06:A0:F4', '21:02:02:05:FF:9A']
[BLE] 21:02:02:05:FF:9A disconnected
    ⚠️ 21:02:02:05:FF:9A: HR/Temp command error: (<BleakGATTProtocolErrorCode.UNLIKELY_ERROR: 14>, 'GATT Protocol Error: Unlikely Error')
[BLE] 21:02:02:05:FF:9A: HR/Temp connection ended (elapsed=5.2s, hr_samples=0, temp_samples=0)
[BLE] Monitoring ended for 21:02:02:05:FF:9A
[BLE] Devices in range: ['2E:1C:B8:CF:AF:06(WearOS BLE=6D:70:CB:26:02:FF name=NA-W-AF06)', '21:02:02:06:9F:7F', '03:02:02:08:29:96', '21:02:02:05:F9:DD', '21:02:02:06:A0:63', '21:02:02:06:A0:F4', '21:02:02:05:FF:9A']
[BLE] Connecting to 21:02:02:06:9F:7F (BLE=21:02:02:06:9F:7F, name=J2208A 069F7F, RSSI=-84 dBm)...
[BLE] Connect attempt 1/1 for 21:02:02:06:9F:7F
[BLE] Scanner stopped
  [JStyle TX] 21:02:02:06:9F:20 keepalive: 41000000000000000000000000000041
[BLE] 21:02:02:06:9F:20: HR/Temp hard timeout (hr_samples=0, temp_samples=0)
[BLE] 21:02:02:06:9F:20: waiting for isolated SpO2 measurement slot
[BLE] 21:02:02:06:9F:20: Phase 2 — isolated single-shot SpO2 measurement (queue_wait=0.0s)
  [JStyle TX] 21:02:02:06:9F:20 HR/Temp stop: 09000000000000000000000000000009
  [JStyle] 21:02:02:06:9F:20: off-wrist confirmation 2/3
{"event":"operational_status","registeredDevices":8,"connectedDevices":1,"discoveredDevices":7,"scannerActive":false,"criticalMeasurement":true,"connectionBudget":3}
[DB] Active devices: 8
[BLE] Connect exception for 21:02:02:06:9F:7F (attempt 1): 
[BLE] 21:02:02:06:9F:7F: Failed after 1 attempts, fail_count=1
[BLE] 21:02:02:06:9F:7F: Deferring next attempt for 15s
[BLE] 21:02:02:06:9F:20: SpO2 stream started once (waiting for device final result)
  [JStyle TX] 21:02:02:06:9F:20 SpO2 start: 2803010000000000000000000000002c
[BLE] Persistent scanner started
[BLE] Devices in range: ['2E:1C:B8:CF:AF:06(WearOS BLE=6D:70:CB:26:02:FF name=NA-W-AF06)', '03:02:02:08:29:96', '21:02:02:05:F9:DD', '21:02:02:06:A0:63', '21:02:02:06:A0:F4', '21:02:02:05:FF:9A']
[BLE] Devices in range: ['2E:1C:B8:CF:AF:06(WearOS BLE=6D:70:CB:26:02:FF name=NA-W-AF06)', '03:02:02:08:29:96', '21:02:02:05:F9:DD', '21:02:02:06:A0:63', '21:02:02:06:A0:F4', '21:02:02:05:FF:9A']
[BLE] Devices in range: ['2E:1C:B8:CF:AF:06(WearOS BLE=6D:70:CB:26:02:FF name=NA-W-AF06)', '03:02:02:08:29:96', '21:02:02:05:F9:DD', '21:02:02:06:A0:63', '21:02:02:06:A0:F4', '21:02:02:05:FF:9A']
[DB] Active devices: 8
[BLE] Devices in range: ['2E:1C:B8:CF:AF:06(WearOS BLE=6D:70:CB:26:02:FF name=NA-W-AF06)', '03:02:02:08:29:96', '21:02:02:05:F9:DD', '21:02:02:06:A0:63', '21:02:02:06:A0:F4', '21:02:02:05:FF:9A']
[BLE] 21:02:02:06:9F:20: stable SpO2 window complete
  [JStyle TX] 21:02:02:06:9F:20 SpO2 stop: 2803000000000000000000000000002b
[BLE] 21:02:02:06:9F:20: SpO2 verified=97% (OK, single stream)
[BLE] 21:02:02:06:9F:20: completed 1 measurement cycle(s); rotating adapter slot (cycle_seconds=76.3)
[BLE] Monitoring ended for 21:02:02:06:9F:20
  [JStyle TX] 21:02:02:06:9F:20 HR/Temp stop: 09000000000000000000000000000009
    ⏳ 21:02:02:06:9F:20 disconnecting safely...
[BLE] Devices in range: ['03:02:02:08:29:96', '21:02:02:05:F9:DD', '21:02:02:06:A0:63', '21:02:02:06:A0:F4', '21:02:02:05:FF:9A']
[BLE] Connecting to 03:02:02:08:29:96 (BLE=03:02:02:08:29:96, name=J2208A 082996, RSSI=-74 dBm)...
[BLE] Connect attempt 1/1 for 03:02:02:08:29:96
[BLE] Scanner stopped
[BLE] 21:02:02:06:9F:20 disconnected
[BLE] Connected to 03:02:02:08:29:96 (attempt 1)
[BLE] Starting JStyle/iStyle monitoring for 03:02:02:08:29:96
[BLE] Persistent scanner started
[BLE] Connecting to 21:02:02:05:F9:DD (BLE=21:02:02:05:F9:DD, name=J2208A 05F9DD, RSSI=-74 dBm)...
[BLE] Connect attempt 1/1 for 21:02:02:05:F9:DD
[BLE] 03:02:02:08:29:96: Phase 1 — HR/Temp stream started (minimum=15s, hard_timeout=35s)
  [JStyle TX] 03:02:02:08:29:96 HR/Temp start: 0901000000000000000000000000000a
[BLE] 03:02:02:08:29:96: HR/Temp command sent
  [JStyle TX] 03:02:02:08:29:96 keepalive: 41000000000000000000000000000041
  [JStyle] 03:02:02:08:29:96: off-wrist confirmation 1/3
  [JStyle TX] 03:02:02:08:29:96 battery: 13000000000000000000000000000013
[BLE] Scanner stopped
[BLE] Connected to 21:02:02:05:F9:DD (attempt 1)
[BLE] Starting JStyle/iStyle monitoring for 21:02:02:05:F9:DD
[BLE] Persistent scanner started
[BLE] 21:02:02:05:F9:DD: Phase 1 — HR/Temp stream started (minimum=15s, hard_timeout=35s)
  [JStyle TX] 21:02:02:05:F9:DD HR/Temp start: 0901000000000000000000000000000a
  [JStyle] 21:02:02:05:F9:DD: off-wrist confirmation 1/3
[BLE] 21:02:02:05:F9:DD: HR/Temp command sent
  [JStyle TX] 21:02:02:05:F9:DD keepalive: 41000000000000000000000000000041
  [JStyle TX] 21:02:02:05:F9:DD battery: 13000000000000000000000000000013
[BLE] Devices in range: ['2E:1C:B8:CF:AF:06(WearOS BLE=6D:70:CB:26:02:FF name=NA-W-AF06)', '21:02:02:06:A0:63', '21:02:02:06:A0:F4', '21:02:02:06:9F:20', '21:02:02:05:FF:9A', '03:02:02:08:29:96', '21:02:02:05:F9:DD']
[BLE] Connecting to 2E:1C:B8:CF:AF:06 (BLE=6D:70:CB:26:02:FF, name=NA-W-AF06, RSSI=-78 dBm)...
[BLE] Connect attempt 1/3 for 2E:1C:B8:CF:AF:06
[BLE] Scanner stopped
{"event":"operational_status","registeredDevices":8,"connectedDevices":2,"discoveredDevices":7,"scannerActive":false,"criticalMeasurement":false,"connectionBudget":3}
[DB] Active devices: 8
[BLE] Connected to 2E:1C:B8:CF:AF:06 (attempt 1)
[BLE] Starting Wear OS monitoring for 2E:1C:B8:CF:AF:06
[WearOS] 2E:1C:B8:CF:AF:06: notify subscribed on 0000b101-0000-1000-8000-00805f9b34fb
[BLE] Devices in range: ['2E:1C:B8:CF:AF:06(WearOS BLE=6D:70:CB:26:02:FF name=NA-W-AF06)', '21:02:02:06:A0:63', '21:02:02:06:9F:20', '21:02:02:05:FF:9A', '21:02:02:05:F9:DD']
[BLE] Devices in range: ['2E:1C:B8:CF:AF:06(WearOS BLE=6D:70:CB:26:02:FF name=NA-W-AF06)', '21:02:02:06:A0:63', '21:02:02:05:FF:9A', '21:02:02:05:F9:DD']
  [JStyle TX] 03:02:02:08:29:96 keepalive: 41000000000000000000000000000041
[BLE] Devices in range: ['2E:1C:B8:CF:AF:06(WearOS BLE=6D:70:CB:26:02:FF name=NA-W-AF06)', '21:02:02:06:A0:63', '21:02:02:05:FF:9A']
[BLE] 03:02:02:08:29:96: HR/Temp hard timeout (hr_samples=0, temp_samples=0)
[BLE] 03:02:02:08:29:96: waiting for isolated SpO2 measurement slot
[BLE] 03:02:02:08:29:96: Phase 2 — isolated single-shot SpO2 measurement (queue_wait=0.0s)
  [JStyle TX] 03:02:02:08:29:96 HR/Temp stop: 09000000000000000000000000000009
  [JStyle] 03:02:02:08:29:96: off-wrist confirmation 2/3
[BLE] 03:02:02:08:29:96: SpO2 stream started once (waiting for device final result)
  [JStyle TX] 03:02:02:08:29:96 SpO2 start: 2803010000000000000000000000002c
[BLE] Devices in range: ['2E:1C:B8:CF:AF:06(WearOS BLE=6D:70:CB:26:02:FF name=NA-W-AF06)', '21:02:02:06:A0:63', '21:02:02:05:FF:9A']
  [JStyle TX] 21:02:02:05:F9:DD keepalive: 41000000000000000000000000000041
[BLE] Devices in range: ['2E:1C:B8:CF:AF:06(WearOS BLE=6D:70:CB:26:02:FF name=NA-W-AF06)']
[DB] Active devices: 8
[BLE] 21:02:02:05:F9:DD: HR/Temp hard timeout (hr_samples=0, temp_samples=0)
[BLE] 21:02:02:05:F9:DD: waiting for isolated SpO2 measurement slot
[WearOS] Monitoring ended for 2E:1C:B8:CF:AF:06
    ⚠️ 2E:1C:B8:CF:AF:06: lock acquire error: 
[BLE] Persistent scanner started
[BLE] 03:02:02:08:29:96: stable SpO2 window complete
  [JStyle TX] 03:02:02:08:29:96 SpO2 stop: 2803000000000000000000000000002b
[BLE] 03:02:02:08:29:96: SpO2 verified=97% (OK, single stream)
[BLE] 03:02:02:08:29:96: completed 1 measurement cycle(s); rotating adapter slot (cycle_seconds=69.8)
[BLE] Monitoring ended for 03:02:02:08:29:96
[BLE] 21:02:02:05:F9:DD: Phase 2 — isolated single-shot SpO2 measurement (queue_wait=20.6s)
  [JStyle TX] 21:02:02:05:F9:DD HR/Temp stop: 09000000000000000000000000000009
  [JStyle TX] 03:02:02:08:29:96 HR/Temp stop: 09000000000000000000000000000009
    ⏳ 03:02:02:08:29:96 disconnecting safely...
  [JStyle] 03:02:02:08:29:96: off-wrist confirmation 1/3
  [JStyle] 21:02:02:05:F9:DD: off-wrist confirmation 2/3
[BLE] Devices in range: ['2E:1C:B8:CF:AF:06(WearOS BLE=6D:70:CB:26:02:FF name=NA-W-AF06)', '21:02:02:06:9F:20']
[BLE] 03:02:02:08:29:96 disconnected
[BLE] Scanner stopped
[BLE] 21:02:02:05:F9:DD: SpO2 stream started once (waiting for device final result)
  [JStyle TX] 21:02:02:05:F9:DD SpO2 start: 2803010000000000000000000000002c
[BLE] Devices in range: ['2E:1C:B8:CF:AF:06(WearOS BLE=6D:70:CB:26:02:FF name=NA-W-AF06)', '21:02:02:06:A0:F4', '21:02:02:06:9F:20']
[BLE] Persistent scanner started
{"event":"operational_status","registeredDevices":8,"connectedDevices":1,"discoveredDevices":4,"scannerActive":true,"criticalMeasurement":true,"connectionBudget":3}
[DB] Active devices: 8
[BLE] Devices in range: ['2E:1C:B8:CF:AF:06(WearOS BLE=6D:70:CB:26:02:FF name=NA-W-AF06)', '21:02:02:06:A0:F4', '21:02:02:06:9F:20', '21:02:02:05:FF:9A', '21:02:02:06:9F:7F']
[BLE] Devices in range: ['2E:1C:B8:CF:AF:06(WearOS BLE=6D:70:CB:26:02:FF name=NA-W-AF06)', '21:02:02:06:A0:F4', '21:02:02:06:9F:20', '21:02:02:05:FF:9A', '21:02:02:06:9F:7F']
[BLE] Devices in range: ['2E:1C:B8:CF:AF:06(WearOS BLE=6D:70:CB:26:02:FF name=NA-W-AF06)', '21:02:02:06:A0:F4', '21:02:02:06:9F:20', '21:02:02:05:FF:9A', '21:02:02:06:9F:7F', '03:02:02:08:29:96']
[BLE] Devices in range: ['2E:1C:B8:CF:AF:06(WearOS BLE=6D:70:CB:26:02:FF name=NA-W-AF06)', '21:02:02:06:A0:F4', '21:02:02:06:9F:20', '21:02:02:05:FF:9A', '21:02:02:06:9F:7F', '03:02:02:08:29:96']
[BLE] Devices in range: ['2E:1C:B8:CF:AF:06(WearOS BLE=6D:70:CB:26:02:FF name=NA-W-AF06)', '21:02:02:06:A0:F4', '21:02:02:06:9F:20', '21:02:02:05:FF:9A', '21:02:02:06:9F:7F', '03:02:02:08:29:96']
[BLE] Devices in range: ['2E:1C:B8:CF:AF:06(WearOS BLE=6D:70:CB:26:02:FF name=NA-W-AF06)', '21:02:02:06:A0:F4', '21:02:02:06:9F:20', '21:02:02:05:FF:9A', '21:02:02:06:9F:7F', '03:02:02:08:29:96']
[DB] Active devices: 8
[BLE] Devices in range: ['2E:1C:B8:CF:AF:06(WearOS BLE=6D:70:CB:26:02:FF name=NA-W-AF06)', '21:02:02:06:A0:63', '21:02:02:06:A0:F4', '21:02:02:06:9F:20', '21:02:02:05:FF:9A', '21:02:02:06:9F:7F', '03:02:02:08:29:96']
[BLE] Devices in range: ['2E:1C:B8:CF:AF:06(WearOS BLE=6D:70:CB:26:02:FF name=NA-W-AF06)', '21:02:02:06:A0:63', '21:02:02:06:A0:F4', '21:02:02:06:9F:20', '21:02:02:05:FF:9A', '21:02:02:06:9F:7F', '03:02:02:08:29:96']
  [JStyle TX] 21:02:02:05:F9:DD SpO2 stop: 2803000000000000000000000000002b
[BLE] 21:02:02:05:F9:DD: SpO2 timeout after one stream (0 samples)
[BLE] 21:02:02:05:F9:DD: SpO2 did not verify — keeping connection and resuming HR/Temp (count=1)
[BLE] 21:02:02:05:F9:DD: completed 1 measurement cycle(s); rotating adapter slot (cycle_seconds=108.1)
[BLE] Monitoring ended for 21:02:02:05:F9:DD
  [JStyle TX] 21:02:02:05:F9:DD HR/Temp stop: 09000000000000000000000000000009
    ⏳ 21:02:02:05:F9:DD disconnecting safely...
  [JStyle] 21:02:02:05:F9:DD: off-wrist confirmation 1/3
[BLE] Devices in range: ['21:02:02:06:A0:63', '21:02:02:06:A0:F4', '21:02:02:06:9F:20', '21:02:02:05:FF:9A', '03:02:02:08:29:96']
[BLE] Connecting to 21:02:02:06:A0:63 (BLE=21:02:02:06:A0:63, name=J2208A 06A063, RSSI=-78 dBm)...
[BLE] Connect attempt 1/1 for 21:02:02:06:A0:63
[BLE] Scanner stopped
[BLE] 21:02:02:05:F9:DD disconnected
[BLE] Connected to 21:02:02:06:A0:63 (attempt 1)
[BLE] Starting JStyle/iStyle monitoring for 21:02:02:06:A0:63
[BLE] Persistent scanner started
[BLE] Connecting to 21:02:02:06:A0:F4 (BLE=21:02:02:06:A0:F4, name=J2208A 06A0F4, RSSI=-64 dBm)...
[BLE] Connect attempt 1/1 for 21:02:02:06:A0:F4
[BLE] Scanner stopped
{"event":"operational_status","registeredDevices":8,"connectedDevices":1,"discoveredDevices":6,"scannerActive":false,"criticalMeasurement":false,"connectionBudget":3}
[DB] Active devices: 8
[BLE] 21:02:02:06:A0:63: Phase 1 — HR/Temp stream started (minimum=15s, hard_timeout=35s)
  [JStyle TX] 21:02:02:06:A0:63 HR/Temp start: 0901000000000000000000000000000a
[BLE] 21:02:02:06:A0:63: HR/Temp command sent
  [JStyle TX] 21:02:02:06:A0:63 keepalive: 41000000000000000000000000000041
  [JStyle] 21:02:02:06:A0:63: off-wrist confirmation 1/3
  [JStyle TX] 21:02:02:06:A0:63 battery: 13000000000000000000000000000013
[BLE] Connected to 21:02:02:06:A0:F4 (attempt 1)
[BLE] Starting JStyle/iStyle monitoring for 21:02:02:06:A0:F4
[BLE] Persistent scanner started
[BLE] 21:02:02:06:A0:F4: Phase 1 — HR/Temp stream started (minimum=15s, hard_timeout=35s)
  [JStyle TX] 21:02:02:06:A0:F4 HR/Temp start: 0901000000000000000000000000000a
[BLE] 21:02:02:06:A0:F4 disconnected
    ⚠️ 21:02:02:06:A0:F4: HR/Temp command error: (<BleakGATTProtocolErrorCode.UNLIKELY_ERROR: 14>, 'GATT Protocol Error: Unlikely Error')
[BLE] 21:02:02:06:A0:F4: HR/Temp connection ended (elapsed=3.4s, hr_samples=0, temp_samples=0)
[BLE] Monitoring ended for 21:02:02:06:A0:F4
[BLE] Devices in range: ['2E:1C:B8:CF:AF:06(WearOS BLE=6D:70:CB:26:02:FF name=NA-W-AF06)', '21:02:02:06:9F:20', '21:02:02:05:FF:9A']
[BLE] Connecting to 2E:1C:B8:CF:AF:06 (BLE=6D:70:CB:26:02:FF, name=NA-W-AF06, RSSI=-68 dBm)...
[BLE] Connect attempt 1/3 for 2E:1C:B8:CF:AF:06
[BLE] Scanner stopped
[BLE] Connected to 2E:1C:B8:CF:AF:06 (attempt 1)
[BLE] Starting Wear OS monitoring for 2E:1C:B8:CF:AF:06
[DB] Active devices: 8
[WearOS] 2E:1C:B8:CF:AF:06: notify subscribed on 0000b101-0000-1000-8000-00805f9b34fb
[BLE] Persistent scanner started
[BLE] Connecting to 21:02:02:06:9F:20 (BLE=21:02:02:06:9F:20, name=J2208A 069F20, RSSI=-76 dBm)...
[BLE] Connect attempt 1/1 for 21:02:02:06:9F:20
[BLE] Scanner stopped
  [JStyle TX] 21:02:02:06:A0:63 keepalive: 41000000000000000000000000000041
[WearOS] Monitoring ended for 2E:1C:B8:CF:AF:06
[BLE] Connected to 21:02:02:06:9F:20 (attempt 1)
[BLE] Starting JStyle/iStyle monitoring for 21:02:02:06:9F:20
[BLE] 21:02:02:06:9F:20: Phase 1 — HR/Temp stream started (minimum=15s, hard_timeout=35s)
  [JStyle TX] 21:02:02:06:9F:20 HR/Temp start: 0901000000000000000000000000000a
[BLE] 21:02:02:06:9F:20: HR/Temp command sent
  [JStyle TX] 21:02:02:06:9F:20 keepalive: 41000000000000000000000000000041
  [JStyle] 21:02:02:06:9F:20: off-wrist confirmation 1/3
  [JStyle TX] 21:02:02:06:9F:20 battery: 13000000000000000000000000000013
[BLE] 21:02:02:06:A0:63: HR/Temp hard timeout (hr_samples=1, temp_samples=1)
[BLE] 21:02:02:06:A0:63: waiting for isolated SpO2 measurement slot
[BLE] 21:02:02:06:A0:63: Phase 2 — isolated single-shot SpO2 measurement (queue_wait=0.0s)
  [JStyle TX] 21:02:02:06:A0:63 HR/Temp stop: 09000000000000000000000000000009
[BLE] Devices in range: ['21:02:02:05:FF:9A', '03:02:02:08:29:96', '21:02:02:06:9F:20']
[BLE] Persistent scanner started
[BLE] Scanner stopped
[BLE] 21:02:02:06:A0:63: SpO2 stream started once (waiting for device final result)
  [JStyle TX] 21:02:02:06:A0:63 SpO2 start: 2803010000000000000000000000002c
[BLE] 21:02:02:06:A0:63: stable SpO2 window complete
  [JStyle TX] 21:02:02:06:A0:63 SpO2 stop: 2803000000000000000000000000002b
[BLE] Persistent scanner started
[BLE] 21:02:02:06:A0:63: SpO2 verified=98% (OK, single stream)
[BLE] 21:02:02:06:A0:63: completed 1 measurement cycle(s); rotating adapter slot (cycle_seconds=49.9)
[BLE] Monitoring ended for 21:02:02:06:A0:63
  [JStyle TX] 21:02:02:06:A0:63 HR/Temp stop: 09000000000000000000000000000009
    ⏳ 21:02:02:06:A0:63 disconnecting safely...
[BLE] Devices in range: ['2E:1C:B8:CF:AF:06(WearOS BLE=6D:70:CB:26:02:FF name=NA-W-AF06)', '21:02:02:05:FF:9A', '03:02:02:08:29:96', '21:02:02:06:A0:F4', '21:02:02:06:9F:20']
[BLE] 21:02:02:06:A0:63 disconnected
[BLE] Devices in range: ['21:02:02:05:FF:9A', '03:02:02:08:29:96', '21:02:02:05:F9:DD', '21:02:02:06:A0:F4', '21:02:02:06:9F:20']
[BLE] Connecting to 21:02:02:05:FF:9A (BLE=21:02:02:05:FF:9A, name=J2208A 05FF9A, RSSI=-78 dBm)...
[BLE] Connect attempt 1/1 for 21:02:02:05:FF:9A
[BLE] Scanner stopped
{"event":"operational_status","registeredDevices":8,"connectedDevices":1,"discoveredDevices":6,"scannerActive":false,"criticalMeasurement":false,"connectionBudget":3}
[DB] Active devices: 8
  [JStyle TX] 21:02:02:06:9F:20 keepalive: 41000000000000000000000000000041
[BLE] Connected to 21:02:02:05:FF:9A (attempt 1)
[BLE] Starting JStyle/iStyle monitoring for 21:02:02:05:FF:9A
[BLE] Persistent scanner started
[BLE] 21:02:02:06:9F:20: HR/Temp hard timeout (hr_samples=0, temp_samples=0)
[BLE] 21:02:02:06:9F:20: waiting for isolated SpO2 measurement slot
[BLE] 21:02:02:06:9F:20: Phase 2 — isolated single-shot SpO2 measurement (queue_wait=0.0s)
  [JStyle TX] 21:02:02:06:9F:20 HR/Temp stop: 09000000000000000000000000000009
  [JStyle] 21:02:02:06:9F:20: off-wrist confirmation 2/3
[BLE] 21:02:02:05:FF:9A: Phase 1 — HR/Temp stream started (minimum=15s, hard_timeout=35s)
  [JStyle TX] 21:02:02:05:FF:9A HR/Temp start: 0901000000000000000000000000000a
[BLE] 21:02:02:05:FF:9A: HR/Temp command sent
  [JStyle TX] 21:02:02:05:FF:9A keepalive: 41000000000000000000000000000041
  [JStyle TX] 21:02:02:05:FF:9A battery: 13000000000000000000000000000013
[BLE] Scanner stopped
[BLE] 21:02:02:06:9F:20: SpO2 stream started once (waiting for device final result)
  [JStyle TX] 21:02:02:06:9F:20 SpO2 start: 2803010000000000000000000000002c
[BLE] Devices in range: ['2E:1C:B8:CF:AF:06(WearOS BLE=6D:70:CB:26:02:FF name=NA-W-AF06)', '03:02:02:08:29:96', '21:02:02:05:F9:DD', '21:02:02:06:A0:63', '21:02:02:06:A0:F4', '21:02:02:05:FF:9A']
[BLE] Persistent scanner started
[BLE] Devices in range: ['2E:1C:B8:CF:AF:06(WearOS BLE=6D:70:CB:26:02:FF name=NA-W-AF06)', '21:02:02:06:9F:7F', '21:02:02:05:F9:DD', '21:02:02:06:A0:63', '21:02:02:06:A0:F4']
[BLE] 21:02:02:05:FF:9A disconnected
[BLE] 21:02:02:05:FF:9A: HR/Temp connection ended (elapsed=10.4s, hr_samples=0, temp_samples=0)
[BLE] Monitoring ended for 21:02:02:05:FF:9A
[BLE] Devices in range: ['2E:1C:B8:CF:AF:06(WearOS BLE=6D:70:CB:26:02:FF name=NA-W-AF06)', '21:02:02:06:9F:7F', '03:02:02:08:29:96', '21:02:02:05:F9:DD', '21:02:02:06:A0:63', '21:02:02:06:A0:F4', '21:02:02:05:FF:9A']
[DB] Active devices: 8
[BLE] Devices in range: ['2E:1C:B8:CF:AF:06(WearOS BLE=6D:70:CB:26:02:FF name=NA-W-AF06)', '21:02:02:06:9F:7F', '03:02:02:08:29:96', '21:02:02:05:F9:DD', '21:02:02:06:A0:63', '21:02:02:06:A0:F4', '21:02:02:05:FF:9A']
    ⚠️ 21:02:02:05:FF:9A: lock acquire error: 
[BLE] Devices in range: ['2E:1C:B8:CF:AF:06(WearOS BLE=6D:70:CB:26:02:FF name=NA-W-AF06)', '21:02:02:06:9F:7F', '03:02:02:08:29:96', '21:02:02:05:F9:DD', '21:02:02:06:A0:F4', '21:02:02:05:FF:9A']
[BLE] Devices in range: ['2E:1C:B8:CF:AF:06(WearOS BLE=6D:70:CB:26:02:FF name=NA-W-AF06)', '21:02:02:06:9F:7F', '03:02:02:08:29:96', '21:02:02:05:F9:DD', '21:02:02:06:A0:63', '21:02:02:06:A0:F4', '21:02:02:05:FF:9A']
[BLE] Devices in range: ['2E:1C:B8:CF:AF:06(WearOS BLE=6D:70:CB:26:02:FF name=NA-W-AF06)', '21:02:02:06:9F:7F', '03:02:02:08:29:96', '21:02:02:05:F9:DD', '21:02:02:06:A0:63', '21:02:02:06:A0:F4', '21:02:02:05:FF:9A']
[BLE] Devices in range: ['21:02:02:06:9F:7F', '03:02:02:08:29:96', '21:02:02:05:F9:DD', '21:02:02:06:A0:63', '21:02:02:06:A0:F4', '21:02:02:05:FF:9A']
[BLE] Devices in range: ['21:02:02:06:9F:7F', '03:02:02:08:29:96', '21:02:02:05:F9:DD', '21:02:02:06:A0:63', '21:02:02:06:A0:F4', '21:02:02:05:FF:9A']
{"event":"operational_status","registeredDevices":8,"connectedDevices":1,"discoveredDevices":7,"scannerActive":true,"criticalMeasurement":true,"connectionBudget":3}
[DB] Active devices: 8
  [JStyle TX] 21:02:02:06:9F:20 SpO2 stop: 2803000000000000000000000000002b
[BLE] 21:02:02:06:9F:20: SpO2 timeout after one stream (0 samples)
[BLE] 21:02:02:06:9F:20: SpO2 did not verify — keeping connection and resuming HR/Temp (count=1)
[BLE] 21:02:02:06:9F:20: completed 1 measurement cycle(s); rotating adapter slot (cycle_seconds=86.1)
[BLE] Monitoring ended for 21:02:02:06:9F:20
  [JStyle TX] 21:02:02:06:9F:20 HR/Temp stop: 09000000000000000000000000000009
    ⏳ 21:02:02:06:9F:20 disconnecting safely...
  [JStyle] 21:02:02:06:9F:20: off-wrist confirmation 1/3
[BLE] Devices in range: ['2E:1C:B8:CF:AF:06(WearOS BLE=6D:70:CB:26:02:FF name=NA-W-AF06)', '03:02:02:08:29:96', '21:02:02:05:F9:DD', '21:02:02:06:A0:63', '21:02:02:06:A0:F4', '21:02:02:05:FF:9A']
[BLE] Connecting to 2E:1C:B8:CF:AF:06 (BLE=6D:70:CB:26:02:FF, name=NA-W-AF06, RSSI=-76 dBm)...
[BLE] Connect attempt 1/3 for 2E:1C:B8:CF:AF:06
[BLE] Scanner stopped
[BLE] 21:02:02:06:9F:20 disconnected
[BLE] Connected to 2E:1C:B8:CF:AF:06 (attempt 1)
[BLE] Starting Wear OS monitoring for 2E:1C:B8:CF:AF:06
[WearOS] 2E:1C:B8:CF:AF:06: notify subscribed on 0000b101-0000-1000-8000-00805f9b34fb
[BLE] Persistent scanner started
[BLE] Connecting to 03:02:02:08:29:96 (BLE=03:02:02:08:29:96, name=J2208A 082996, RSSI=-78 dBm)...
[BLE] Connect attempt 1/1 for 03:02:02:08:29:96
[BLE] Scanner stopped
[BLE] 03:02:02:08:29:96 disconnected
[BLE] 03:02:02:08:29:96 disconnected
[BLE] 03:02:02:08:29:96 disconnected
[BLE] 03:02:02:08:29:96 disconnected
[DB] Active devices: 8
[BLE] Connected to 03:02:02:08:29:96 (attempt 1)
[BLE] Starting JStyle/iStyle monitoring for 03:02:02:08:29:96
[BLE] Persistent scanner started
[BLE] Connecting to 21:02:02:05:F9:DD (BLE=21:02:02:05:F9:DD, name=J2208A 05F9DD, RSSI=-74 dBm)...
[BLE] Connect attempt 1/1 for 21:02:02:05:F9:DD
[WearOS] Monitoring ended for 2E:1C:B8:CF:AF:06
[BLE] Scanner stopped
[BLE] 03:02:02:08:29:96: Phase 1 — HR/Temp stream started (minimum=15s, hard_timeout=35s)
  [JStyle TX] 03:02:02:08:29:96 HR/Temp start: 0901000000000000000000000000000a
[BLE] 03:02:02:08:29:96: HR/Temp command sent
  [JStyle TX] 03:02:02:08:29:96 keepalive: 41000000000000000000000000000041
  [JStyle] 03:02:02:08:29:96: off-wrist confirmation 2/3
  [JStyle TX] 03:02:02:08:29:96 battery: 13000000000000000000000000000013
[BLE] Connected to 21:02:02:05:F9:DD (attempt 1)
[BLE] Starting JStyle/iStyle monitoring for 21:02:02:05:F9:DD
[BLE] Persistent scanner started
[BLE] 21:02:02:05:F9:DD: Phase 1 — HR/Temp stream started (minimum=15s, hard_timeout=35s)
  [JStyle TX] 21:02:02:05:F9:DD HR/Temp start: 0901000000000000000000000000000a
  [JStyle] 21:02:02:05:F9:DD: off-wrist confirmation 2/3
[BLE] 21:02:02:05:F9:DD: HR/Temp command sent
  [JStyle TX] 21:02:02:05:F9:DD keepalive: 41000000000000000000000000000041
  [JStyle TX] 21:02:02:05:F9:DD battery: 13000000000000000000000000000013
[BLE] Devices in range: ['21:02:02:06:9F:7F', '21:02:02:06:A0:63', '21:02:02:06:A0:F4', '21:02:02:05:FF:9A', '21:02:02:05:F9:DD']
[BLE] Devices in range: ['2E:1C:B8:CF:AF:06(WearOS BLE=6D:70:CB:26:02:FF name=NA-W-AF06)', '21:02:02:06:9F:7F', '21:02:02:06:A0:63', '21:02:02:06:A0:F4', '21:02:02:05:FF:9A', '21:02:02:05:F9:DD']
[BLE] Devices in range: ['2E:1C:B8:CF:AF:06(WearOS BLE=6D:70:CB:26:02:FF name=NA-W-AF06)', '21:02:02:06:9F:7F', '21:02:02:06:A0:63', '21:02:02:06:9F:20', '21:02:02:05:FF:9A', '21:02:02:05:F9:DD']
{"event":"operational_status","registeredDevices":8,"connectedDevices":2,"discoveredDevices":6,"scannerActive":true,"criticalMeasurement":false,"connectionBudget":3}
[DB] Active devices: 8
[BLE] Devices in range: ['2E:1C:B8:CF:AF:06(WearOS BLE=6D:70:CB:26:02:FF name=NA-W-AF06)', '21:02:02:06:9F:7F', '21:02:02:06:A0:63', '21:02:02:06:A0:F4', '21:02:02:06:9F:20', '21:02:02:05:FF:9A', '21:02:02:05:F9:DD']
  [JStyle TX] 03:02:02:08:29:96 keepalive: 41000000000000000000000000000041
[BLE] Devices in range: ['2E:1C:B8:CF:AF:06(WearOS BLE=6D:70:CB:26:02:FF name=NA-W-AF06)', '21:02:02:06:9F:7F', '21:02:02:06:A0:63', '21:02:02:06:A0:F4', '21:02:02:06:9F:20', '21:02:02:05:FF:9A']
[BLE] Devices in range: ['2E:1C:B8:CF:AF:06(WearOS BLE=6D:70:CB:26:02:FF name=NA-W-AF06)', '21:02:02:06:9F:7F', '21:02:02:06:A0:F4', '21:02:02:06:9F:20', '21:02:02:05:FF:9A']
[BLE] 03:02:02:08:29:96: HR/Temp hard timeout (hr_samples=0, temp_samples=0)
[BLE] 03:02:02:08:29:96: waiting for isolated SpO2 measurement slot
[BLE] 03:02:02:08:29:96: Phase 2 — isolated single-shot SpO2 measurement (queue_wait=0.0s)
  [JStyle TX] 03:02:02:08:29:96 HR/Temp stop: 09000000000000000000000000000009
  [JStyle TX] 21:02:02:05:F9:DD keepalive: 41000000000000000000000000000041
[BLE] Scanner stopped
[BLE] 03:02:02:08:29:96: SpO2 stream started once (waiting for device final result)
  [JStyle TX] 03:02:02:08:29:96 SpO2 start: 2803010000000000000000000000002c
[BLE] Devices in range: ['2E:1C:B8:CF:AF:06(WearOS BLE=6D:70:CB:26:02:FF name=NA-W-AF06)', '21:02:02:06:9F:7F', '21:02:02:06:A0:F4', '21:02:02:06:9F:20', '21:02:02:05:FF:9A']
[BLE] Persistent scanner started
[BLE] 21:02:02:05:F9:DD: HR/Temp hard timeout (hr_samples=0, temp_samples=0)
[BLE] 21:02:02:05:F9:DD: waiting for isolated SpO2 measurement slot
[BLE] Devices in range: ['2E:1C:B8:CF:AF:06(WearOS BLE=6D:70:CB:26:02:FF name=NA-W-AF06)', '21:02:02:06:9F:7F', '21:02:02:06:A0:F4', '21:02:02:06:9F:20', '21:02:02:05:FF:9A']
[BLE] Devices in range: ['2E:1C:B8:CF:AF:06(WearOS BLE=6D:70:CB:26:02:FF name=NA-W-AF06)', '21:02:02:06:9F:7F', '21:02:02:06:A0:F4', '21:02:02:06:9F:20', '21:02:02:05:FF:9A']
[DB] Active devices: 8
[BLE] Devices in range: ['2E:1C:B8:CF:AF:06(WearOS BLE=6D:70:CB:26:02:FF name=NA-W-AF06)', '21:02:02:06:9F:7F', '21:02:02:06:A0:F4', '21:02:02:06:9F:20', '21:02:02:05:FF:9A']
[BLE] Devices in range: ['2E:1C:B8:CF:AF:06(WearOS BLE=6D:70:CB:26:02:FF name=NA-W-AF06)', '21:02:02:06:9F:7F', '21:02:02:06:A0:F4', '21:02:02:06:9F:20', '21:02:02:05:FF:9A']
[BLE] 03:02:02:08:29:96: stable SpO2 window complete
  [JStyle TX] 03:02:02:08:29:96 SpO2 stop: 2803000000000000000000000000002b
[BLE] 03:02:02:08:29:96: SpO2 verified=97% (OK, single stream)
[BLE] 03:02:02:08:29:96: completed 1 measurement cycle(s); rotating adapter slot (cycle_seconds=62.9)
[BLE] Monitoring ended for 03:02:02:08:29:96
[BLE] 21:02:02:05:F9:DD: Phase 2 — isolated single-shot SpO2 measurement (queue_wait=18.3s)
  [JStyle TX] 21:02:02:05:F9:DD HR/Temp stop: 09000000000000000000000000000009
  [JStyle TX] 03:02:02:08:29:96 HR/Temp stop: 09000000000000000000000000000009
    ⏳ 03:02:02:08:29:96 disconnecting safely...
  [JStyle] 03:02:02:08:29:96: off-wrist confirmation 1/3
[BLE] 03:02:02:08:29:96 disconnected
[BLE] Scanner stopped
[BLE] 21:02:02:05:F9:DD: SpO2 stream started once (waiting for device final result)
  [JStyle TX] 21:02:02:05:F9:DD SpO2 start: 2803010000000000000000000000002c
[BLE] Devices in range: ['2E:1C:B8:CF:AF:06(WearOS BLE=6D:70:CB:26:02:FF name=NA-W-AF06)', '21:02:02:06:9F:7F', '21:02:02:06:A0:63', '21:02:02:06:A0:F4', '21:02:02:06:9F:20', '21:02:02:05:FF:9A']
[BLE] Persistent scanner started
[BLE] Devices in range: ['2E:1C:B8:CF:AF:06(WearOS BLE=6D:70:CB:26:02:FF name=NA-W-AF06)', '21:02:02:06:9F:7F', '21:02:02:06:A0:63', '21:02:02:06:A0:F4', '21:02:02:06:9F:20', '21:02:02:05:FF:9A']
[BLE] Devices in range: ['2E:1C:B8:CF:AF:06(WearOS BLE=6D:70:CB:26:02:FF name=NA-W-AF06)', '21:02:02:06:9F:7F', '21:02:02:06:A0:63', '21:02:02:06:A0:F4', '21:02:02:06:9F:20', '21:02:02:05:FF:9A', '03:02:02:08:29:96']
[BLE] Devices in range: ['21:02:02:06:9F:7F', '21:02:02:06:A0:F4', '21:02:02:06:9F:20', '21:02:02:05:FF:9A', '03:02:02:08:29:96']
{"event":"operational_status","registeredDevices":8,"connectedDevices":1,"discoveredDevices":6,"scannerActive":true,"criticalMeasurement":true,"connectionBudget":3}
[DB] Active devices: 8
[BLE] Devices in range: ['2E:1C:B8:CF:AF:06(WearOS BLE=6D:70:CB:26:02:FF name=NA-W-AF06)', '21:02:02:06:9F:7F', '21:02:02:06:A0:F4', '21:02:02:06:9F:20', '21:02:02:05:FF:9A']
[BLE] Devices in range: ['2E:1C:B8:CF:AF:06(WearOS BLE=6D:70:CB:26:02:FF name=NA-W-AF06)', '21:02:02:06:9F:7F', '21:02:02:06:A0:63', '21:02:02:06:A0:F4', '21:02:02:06:9F:20', '21:02:02:05:FF:9A', '03:02:02:08:29:96']
[BLE] Devices in range: ['2E:1C:B8:CF:AF:06(WearOS BLE=6D:70:CB:26:02:FF name=NA-W-AF06)', '21:02:02:06:9F:7F', '21:02:02:06:A0:63', '21:02:02:06:A0:F4', '21:02:02:06:9F:20', '21:02:02:05:FF:9A', '03:02:02:08:29:96']
[BLE] Devices in range: ['2E:1C:B8:CF:AF:06(WearOS BLE=6D:70:CB:26:02:FF name=NA-W-AF06)', '21:02:02:06:9F:7F', '21:02:02:06:A0:63', '21:02:02:06:A0:F4', '21:02:02:06:9F:20', '21:02:02:05:FF:9A', '03:02:02:08:29:96']
[BLE] Devices in range: ['2E:1C:B8:CF:AF:06(WearOS BLE=6D:70:CB:26:02:FF name=NA-W-AF06)', '21:02:02:06:9F:7F', '21:02:02:06:A0:63', '21:02:02:06:A0:F4', '21:02:02:06:9F:20', '21:02:02:05:FF:9A', '03:02:02:08:29:96']
  [JStyle TX] 21:02:02:05:F9:DD SpO2 stop: 2803000000000000000000000000002b
[BLE] 21:02:02:05:F9:DD: SpO2 timeout after one stream (0 samples)
[BLE] 21:02:02:05:F9:DD: SpO2 did not verify — keeping connection and resuming HR/Temp (count=2)
[BLE] 21:02:02:05:F9:DD: completed 1 measurement cycle(s); rotating adapter slot (cycle_seconds=105.1)
[BLE] Monitoring ended for 21:02:02:05:F9:DD
  [JStyle TX] 21:02:02:05:F9:DD HR/Temp stop: 09000000000000000000000000000009
    ⏳ 21:02:02:05:F9:DD disconnecting safely...
  [JStyle] 21:02:02:05:F9:DD: off-wrist confirmation 1/3
[BLE] Devices in range: ['2E:1C:B8:CF:AF:06(WearOS BLE=6D:70:CB:26:02:FF name=NA-W-AF06)', '21:02:02:06:A0:63', '21:02:02:06:A0:F4', '21:02:02:06:9F:20', '21:02:02:05:FF:9A', '03:02:02:08:29:96']
[BLE] Connecting to 2E:1C:B8:CF:AF:06 (BLE=6D:70:CB:26:02:FF, name=NA-W-AF06, RSSI=-82 dBm)...
[BLE] Connect attempt 1/3 for 2E:1C:B8:CF:AF:06
[BLE] Scanner stopped
[BLE] 21:02:02:05:F9:DD disconnected
[DB] Active devices: 8
[BLE] Connected to 2E:1C:B8:CF:AF:06 (attempt 1)
[BLE] Starting Wear OS monitoring for 2E:1C:B8:CF:AF:06
[WearOS] 2E:1C:B8:CF:AF:06: notify subscribed on 0000b101-0000-1000-8000-00805f9b34fb
[BLE] Persistent scanner started
[BLE] Connecting to 21:02:02:06:A0:63 (BLE=21:02:02:06:A0:63, name=J2208A 06A063, RSSI=-76 dBm)...
[BLE] Connect attempt 1/1 for 21:02:02:06:A0:63
[BLE] Scanner stopped
[BLE] 21:02:02:06:A0:63 disconnected
[BLE] Connected to 21:02:02:06:A0:63 (attempt 1)
[BLE] Starting JStyle/iStyle monitoring for 21:02:02:06:A0:63
[BLE] Persistent scanner started
[BLE] Connecting to 21:02:02:06:A0:F4 (BLE=21:02:02:06:A0:F4, name=J2208A 06A0F4, RSSI=-76 dBm)...
[BLE] Connect attempt 1/1 for 21:02:02:06:A0:F4
[BLE] Scanner stopped
[BLE] 21:02:02:06:A0:63: Phase 1 — HR/Temp stream started (minimum=15s, hard_timeout=35s)
  [JStyle TX] 21:02:02:06:A0:63 HR/Temp start: 0901000000000000000000000000000a
[BLE] 21:02:02:06:A0:63: HR/Temp command sent
  [JStyle TX] 21:02:02:06:A0:63 keepalive: 41000000000000000000000000000041
  [JStyle] 21:02:02:06:A0:63: off-wrist confirmation 1/3
  [JStyle TX] 21:02:02:06:A0:63 battery: 13000000000000000000000000000013
{"event":"operational_status","registeredDevices":8,"connectedDevices":2,"discoveredDevices":8,"scannerActive":false,"criticalMeasurement":false,"connectionBudget":3}
[DB] Active devices: 8
[BLE] Connected to 21:02:02:06:A0:F4 (attempt 1)
[BLE] Starting JStyle/iStyle monitoring for 21:02:02:06:A0:F4
[WearOS] Monitoring ended for 2E:1C:B8:CF:AF:06
[BLE] 21:02:02:06:A0:F4: Phase 1 — HR/Temp stream started (minimum=15s, hard_timeout=35s)
  [JStyle TX] 21:02:02:06:A0:F4 HR/Temp start: 0901000000000000000000000000000a
[BLE] 21:02:02:06:A0:F4: HR/Temp command sent
  [JStyle TX] 21:02:02:06:A0:F4 keepalive: 41000000000000000000000000000041
  [JStyle TX] 21:02:02:06:A0:F4 battery: 13000000000000000000000000000013
[BLE] Devices in range: ['03:02:02:08:29:96', '21:02:02:06:A0:F4']
[BLE] Persistent scanner started
[BLE] Devices in range: ['2E:1C:B8:CF:AF:06(WearOS BLE=6D:70:CB:26:02:FF name=NA-W-AF06)', '21:02:02:06:9F:7F', '21:02:02:05:FF:9A', '03:02:02:08:29:96', '21:02:02:05:F9:DD', '21:02:02:06:A0:F4']
[BLE] 21:02:02:06:A0:63 disconnected
[BLE] 21:02:02:06:A0:63: HR/Temp connection ended (elapsed=30.1s, hr_samples=0, temp_samples=0)
[BLE] Monitoring ended for 21:02:02:06:A0:63
[BLE] Devices in range: ['21:02:02:06:9F:7F', '21:02:02:06:9F:20', '21:02:02:05:FF:9A', '03:02:02:08:29:96', '21:02:02:05:F9:DD', '21:02:02:06:A0:63']
[BLE] Connecting to 21:02:02:06:9F:7F (BLE=21:02:02:06:9F:7F, name=J2208A 069F7F, RSSI=-72 dBm)...
[BLE] Connect attempt 1/1 for 21:02:02:06:9F:7F
[BLE] Scanner stopped
[BLE] Connected to 21:02:02:06:9F:7F (attempt 1)
[BLE] Starting JStyle/iStyle monitoring for 21:02:02:06:9F:7F
[BLE] Persistent scanner started
[BLE] 21:02:02:06:9F:7F: Phase 1 — HR/Temp stream started (minimum=15s, hard_timeout=35s)
  [JStyle TX] 21:02:02:06:9F:7F HR/Temp start: 0901000000000000000000000000000a
[BLE] 21:02:02:06:9F:7F: HR/Temp command sent
  [JStyle TX] 21:02:02:06:9F:7F keepalive: 41000000000000000000000000000041
  [JStyle] 21:02:02:06:9F:7F: off-wrist confirmation 1/3
  [JStyle TX] 21:02:02:06:9F:7F battery: 13000000000000000000000000000013
[DB] Active devices: 8
[BLE] Devices in range: ['2E:1C:B8:CF:AF:06(WearOS BLE=6D:70:CB:26:02:FF name=NA-W-AF06)', '21:02:02:06:9F:20', '21:02:02:05:FF:9A', '03:02:02:08:29:96', '21:02:02:05:F9:DD', '21:02:02:06:A0:63', '21:02:02:06:9F:7F']
[BLE] Devices in range: ['2E:1C:B8:CF:AF:06(WearOS BLE=6D:70:CB:26:02:FF name=NA-W-AF06)', '21:02:02:06:9F:20', '21:02:02:05:FF:9A', '03:02:02:08:29:96', '21:02:02:05:F9:DD', '21:02:02:06:A0:63', '21:02:02:06:9F:7F']
  [JStyle TX] 21:02:02:06:A0:F4 keepalive: 41000000000000000000000000000041
[BLE] Devices in range: ['2E:1C:B8:CF:AF:06(WearOS BLE=6D:70:CB:26:02:FF name=NA-W-AF06)', '21:02:02:06:9F:20', '21:02:02:05:FF:9A', '03:02:02:08:29:96', '21:02:02:05:F9:DD', '21:02:02:06:A0:63', '21:02:02:06:9F:7F']
[BLE] 21:02:02:06:A0:F4: HR/Temp hard timeout (hr_samples=0, temp_samples=0)
[BLE] 21:02:02:06:A0:F4: Skipping SpO2 phase because device is explicitly off-wrist
[BLE] 21:02:02:06:A0:F4: SpO2 did not verify — keeping connection and resuming HR/Temp (count=1)
[BLE] 21:02:02:06:A0:F4: completed 1 measurement cycle(s); rotating adapter slot (cycle_seconds=41.9)
[BLE] Monitoring ended for 21:02:02:06:A0:F4
  [JStyle TX] 21:02:02:06:A0:F4 HR/Temp stop: 09000000000000000000000000000009
    ⏳ 21:02:02:06:A0:F4 disconnecting safely...
[BLE] Devices in range: ['2E:1C:B8:CF:AF:06(WearOS BLE=6D:70:CB:26:02:FF name=NA-W-AF06)', '21:02:02:06:9F:20', '21:02:02:05:FF:9A', '03:02:02:08:29:96', '21:02:02:05:F9:DD', '21:02:02:06:A0:63']
[BLE] 21:02:02:06:A0:F4 disconnected
[BLE] Devices in range: ['2E:1C:B8:CF:AF:06(WearOS BLE=6D:70:CB:26:02:FF name=NA-W-AF06)', '21:02:02:06:9F:20', '21:02:02:05:FF:9A', '03:02:02:08:29:96', '21:02:02:05:F9:DD', '21:02:02:06:A0:63']
[BLE] Connecting to 21:02:02:06:9F:20 (BLE=21:02:02:06:9F:20, name=J2208A 069F20, RSSI=-76 dBm)...
[BLE] Connect attempt 1/1 for 21:02:02:06:9F:20
[BLE] Scanner stopped
[BLE] 21:02:02:06:9F:20 disconnected
[BLE] 21:02:02:06:9F:20 disconnected
  [JStyle TX] 21:02:02:06:9F:7F keepalive: 41000000000000000000000000000041
{"event":"operational_status","registeredDevices":8,"connectedDevices":1,"discoveredDevices":6,"scannerActive":false,"criticalMeasurement":false,"connectionBudget":3}
[BLE] 21:02:02:06:9F:20 disconnected
[DB] Active devices: 8
[BLE] 21:02:02:06:9F:20 disconnected
[BLE] 21:02:02:06:9F:7F: HR/Temp hard timeout (hr_samples=0, temp_samples=0)
[BLE] 21:02:02:06:9F:7F: waiting for isolated SpO2 measurement slot
[BLE] 21:02:02:06:9F:7F: Phase 2 — isolated single-shot SpO2 measurement (queue_wait=0.0s)
  [JStyle TX] 21:02:02:06:9F:7F HR/Temp stop: 09000000000000000000000000000009
  [JStyle] 21:02:02:06:9F:7F: off-wrist confirmation 2/3
[BLE] Connect exception for 21:02:02:06:9F:20 (attempt 1): 
[BLE] 21:02:02:06:9F:20: Failed after 1 attempts, fail_count=1
[BLE] 21:02:02:06:9F:20: Deferring next attempt for 15s
[BLE] 21:02:02:06:9F:7F: SpO2 stream started once (waiting for device final result)
  [JStyle TX] 21:02:02:06:9F:7F SpO2 start: 2803010000000000000000000000002c
[BLE] Persistent scanner started
[BLE] Devices in range: ['2E:1C:B8:CF:AF:06(WearOS BLE=6D:70:CB:26:02:FF name=NA-W-AF06)', '21:02:02:05:FF:9A', '03:02:02:08:29:96', '21:02:02:06:A0:63', '21:02:02:06:9F:20']
[SHUTDOWN] Full shutdown...
  [JStyle TX] 21:02:02:06:9F:7F SpO2 stop: 2803000000000000000000000000002b
[BLE] Monitoring ended for 21:02:02:06:9F:7F
  [JStyle TX] 21:02:02:06:9F:7F HR/Temp stop: 09000000000000000000000000000009
  [JStyle] 21:02:02:06:9F:7F: off-wrist confirmation 1/3
    ⏳ 21:02:02:06:9F:7F disconnecting safely...
[BLE] 21:02:02:06:9F:7F disconnected
[SHUTDOWN] Stopping scanner...
[BLE] Scanner stopped
[SHUTDOWN] Stopping MQTT...
[SHUTDOWN] Done — process exiting cleanly
============================================================
 NurseAid BLE Gateway — Unified BLE Central Gateway
============================================================
  DB Host:        postgres:5432
  DB Name:        softwatch_iot
  MQTT Host:      mosquitto:1883
  BLE Require Paired: True
  Device Sync:    every 30s
  Connect Timeout: 20.0s
  GATT TX/RX:     0000fff6-0000-1000-8000-00805f9b34fb / 0000fff7-0000-1000-8000-00805f9b34fb
  WearOS Service: 0000b100-0000-1000-8000-00805f9b34fb
  WearOS Vitals:  0000b101-0000-1000-8000-00805f9b34fb
  JStyle Commands: True
  JStyle Adv Publish: True
  JStyle GATT Connect: True
  GATT Connection Budget: 3 (WearOS reserved: 1)
  JStyle Rotation: 1 cycle(s) per connection
  Sensor Drivers: wearos, jstyle, standard_gatt, xiaomi_mibeacon, mobile_relay
============================================================
/app/nurseaid_ble_gateway.py:242: DeprecationWarning: Callback API version 1 is deprecated, update to latest version
  self.client = mqtt.Client(
[MQTT] Connected to mosquitto:1883
[MQTT] Connected successfully
[DB] Discovered 8 new device(s) from DB
[DB] Active devices: 8
[BLE] Starting main controller...
🧹 [STARTUP] Cleaning stale Bluetooth state...
{"event":"operational_status","registeredDevices":8,"connectedDevices":0,"discoveredDevices":0,"scannerActive":false,"criticalMeasurement":false,"connectionBudget":3}
    ✅ Adapter clean, ready to use
[BLE] Persistent scanner started
[BLE] Devices in range: ['2E:1C:B8:CF:AF:06(WearOS BLE=6D:70:CB:26:02:FF name=NA-W-AF06)', '03:02:02:08:29:96', '21:02:02:05:FF:9A', '21:02:02:06:9F:20', '21:02:02:06:9F:7F', '21:02:02:06:A0:F4']
[BLE] Connecting to 2E:1C:B8:CF:AF:06 (BLE=6D:70:CB:26:02:FF, name=NA-W-AF06, RSSI=-80 dBm)...
[BLE] Connect attempt 1/3 for 2E:1C:B8:CF:AF:06
[BLE] Scanner stopped
[BLE] Connected to 2E:1C:B8:CF:AF:06 (attempt 1)
[BLE] Starting Wear OS monitoring for 2E:1C:B8:CF:AF:06
[WearOS] 2E:1C:B8:CF:AF:06: notify subscribed on 0000b101-0000-1000-8000-00805f9b34fb
[BLE] Persistent scanner started
[BLE] Connecting to 03:02:02:08:29:96 (BLE=03:02:02:08:29:96, name=J2208A 082996, RSSI=-78 dBm)...
[BLE] Connect attempt 1/1 for 03:02:02:08:29:96
[BLE] Scanner stopped
[BLE] Connected to 03:02:02:08:29:96 (attempt 1)
[BLE] Starting JStyle/iStyle monitoring for 03:02:02:08:29:96
[BLE] Persistent scanner started
[BLE] Connecting to 21:02:02:05:FF:9A (BLE=21:02:02:05:FF:9A, name=J2208A 05FF9A, RSSI=-74 dBm)...
[BLE] Connect attempt 1/1 for 21:02:02:05:FF:9A
[BLE] 03:02:02:08:29:96: Phase 1 — HR/Temp stream started (minimum=15s, hard_timeout=35s)
  [JStyle TX] 03:02:02:08:29:96 HR/Temp start: 0901000000000000000000000000000a
[BLE] 03:02:02:08:29:96: HR/Temp command sent
  [JStyle TX] 03:02:02:08:29:96 keepalive: 41000000000000000000000000000041
  [JStyle] 03:02:02:08:29:96: off-wrist confirmation 1/3
  [JStyle TX] 03:02:02:08:29:96 battery: 13000000000000000000000000000013
[BLE] Scanner stopped
[DB] Active devices: 8
[BLE] Connected to 21:02:02:05:FF:9A (attempt 1)
[BLE] Starting JStyle/iStyle monitoring for 21:02:02:05:FF:9A
[WearOS] Monitoring ended for 2E:1C:B8:CF:AF:06
[BLE] 21:02:02:05:FF:9A: Phase 1 — HR/Temp stream started (minimum=15s, hard_timeout=35s)
  [JStyle TX] 21:02:02:05:FF:9A HR/Temp start: 0901000000000000000000000000000a
[BLE] 21:02:02:05:FF:9A: HR/Temp command sent
  [JStyle TX] 21:02:02:05:FF:9A keepalive: 41000000000000000000000000000041
  [JStyle] 21:02:02:05:FF:9A: off-wrist confirmation 1/3
  [JStyle TX] 21:02:02:05:FF:9A battery: 13000000000000000000000000000013
[BLE] Devices in range: ['21:02:02:06:A0:F4', '21:02:02:05:FF:9A']
[BLE] Persistent scanner started
[BLE] Devices in range: ['2E:1C:B8:CF:AF:06(WearOS BLE=6D:70:CB:26:02:FF name=NA-W-AF06)', '21:02:02:05:F9:DD', '21:02:02:06:9F:20', '21:02:02:06:A0:63', '21:02:02:06:A0:F4', '21:02:02:05:FF:9A']
  [JStyle TX] 03:02:02:08:29:96 keepalive: 41000000000000000000000000000041
[BLE] Devices in range: ['21:02:02:05:F9:DD', '21:02:02:06:9F:20', '21:02:02:06:9F:7F', '21:02:02:06:A0:63', '21:02:02:06:A0:F4']
[BLE] 03:02:02:08:29:96: HR/Temp hard timeout (hr_samples=0, temp_samples=0)
[BLE] 03:02:02:08:29:96: waiting for isolated SpO2 measurement slot
[BLE] 03:02:02:08:29:96: Phase 2 — isolated single-shot SpO2 measurement (queue_wait=0.0s)
  [JStyle TX] 03:02:02:08:29:96 HR/Temp stop: 09000000000000000000000000000009
  [JStyle] 03:02:02:08:29:96: off-wrist confirmation 2/3
[BLE] Devices in range: ['2E:1C:B8:CF:AF:06(WearOS BLE=6D:70:CB:26:02:FF name=NA-W-AF06)', '21:02:02:05:F9:DD', '21:02:02:06:9F:20', '21:02:02:06:9F:7F', '21:02:02:06:A0:63', '21:02:02:06:A0:F4']
{"event":"operational_status","registeredDevices":8,"connectedDevices":2,"discoveredDevices":6,"scannerActive":true,"criticalMeasurement":true,"connectionBudget":3}
[DB] Active devices: 8
[BLE] Scanner stopped
[BLE] 03:02:02:08:29:96: SpO2 stream started once (waiting for device final result)
  [JStyle TX] 03:02:02:08:29:96 SpO2 start: 2803010000000000000000000000002c
[BLE] Devices in range: ['2E:1C:B8:CF:AF:06(WearOS BLE=6D:70:CB:26:02:FF name=NA-W-AF06)', '21:02:02:05:F9:DD', '21:02:02:06:9F:20', '21:02:02:06:9F:7F', '21:02:02:06:A0:63', '21:02:02:06:A0:F4']
[BLE] Persistent scanner started
[BLE] Devices in range: ['2E:1C:B8:CF:AF:06(WearOS BLE=6D:70:CB:26:02:FF name=NA-W-AF06)', '21:02:02:05:F9:DD', '21:02:02:06:9F:20', '21:02:02:06:9F:7F', '21:02:02:06:A0:63', '21:02:02:06:A0:F4']
  [JStyle TX] 21:02:02:05:FF:9A keepalive: 41000000000000000000000000000041
[BLE] Devices in range: ['2E:1C:B8:CF:AF:06(WearOS BLE=6D:70:CB:26:02:FF name=NA-W-AF06)', '21:02:02:05:F9:DD', '21:02:02:06:9F:20', '21:02:02:06:9F:7F', '21:02:02:06:A0:63', '21:02:02:06:A0:F4']
[BLE] 21:02:02:05:FF:9A: HR/Temp hard timeout (hr_samples=0, temp_samples=0)
[BLE] 21:02:02:05:FF:9A: waiting for isolated SpO2 measurement slot
[BLE] Devices in range: ['2E:1C:B8:CF:AF:06(WearOS BLE=6D:70:CB:26:02:FF name=NA-W-AF06)', '21:02:02:05:F9:DD', '21:02:02:06:9F:20', '21:02:02:06:9F:7F', '21:02:02:06:A0:63', '21:02:02:06:A0:F4']
[BLE] Devices in range: ['2E:1C:B8:CF:AF:06(WearOS BLE=6D:70:CB:26:02:FF name=NA-W-AF06)', '21:02:02:05:F9:DD', '21:02:02:06:9F:20', '21:02:02:06:9F:7F', '21:02:02:06:A0:63', '21:02:02:06:A0:F4']
[BLE] Devices in range: ['2E:1C:B8:CF:AF:06(WearOS BLE=6D:70:CB:26:02:FF name=NA-W-AF06)', '21:02:02:05:F9:DD', '21:02:02:06:9F:20', '21:02:02:06:9F:7F', '21:02:02:06:A0:63', '21:02:02:06:A0:F4']
[DB] Active devices: 8
[BLE] Devices in range: ['2E:1C:B8:CF:AF:06(WearOS BLE=6D:70:CB:26:02:FF name=NA-W-AF06)', '21:02:02:05:F9:DD', '21:02:02:06:9F:20', '21:02:02:06:A0:63', '21:02:02:06:A0:F4']
[BLE] Devices in range: ['2E:1C:B8:CF:AF:06(WearOS BLE=6D:70:CB:26:02:FF name=NA-W-AF06)', '21:02:02:05:F9:DD', '21:02:02:06:9F:20', '21:02:02:06:9F:7F', '21:02:02:06:A0:63', '21:02:02:06:A0:F4']
[BLE] Devices in range: ['2E:1C:B8:CF:AF:06(WearOS BLE=6D:70:CB:26:02:FF name=NA-W-AF06)', '21:02:02:05:F9:DD', '21:02:02:06:9F:20', '21:02:02:06:9F:7F', '21:02:02:06:A0:63', '21:02:02:06:A0:F4']
  [JStyle TX] 03:02:02:08:29:96 SpO2 stop: 2803000000000000000000000000002b
[BLE] 03:02:02:08:29:96: SpO2 timeout after one stream (0 samples)
[BLE] 03:02:02:08:29:96: SpO2 did not verify — keeping connection and resuming HR/Temp (count=1)
[BLE] 03:02:02:08:29:96: completed 1 measurement cycle(s); rotating adapter slot (cycle_seconds=87.2)
[BLE] Monitoring ended for 03:02:02:08:29:96
[BLE] 21:02:02:05:FF:9A: Phase 2 — isolated single-shot SpO2 measurement (queue_wait=26.5s)
  [JStyle TX] 21:02:02:05:FF:9A HR/Temp stop: 09000000000000000000000000000009
  [JStyle TX] 03:02:02:08:29:96 HR/Temp stop: 09000000000000000000000000000009
    ⏳ 03:02:02:08:29:96 disconnecting safely...
  [JStyle] 21:02:02:05:FF:9A: off-wrist confirmation 2/3
[BLE] 03:02:02:08:29:96 disconnected
[BLE] Scanner stopped
[BLE] 21:02:02:05:FF:9A: SpO2 stream started once (waiting for device final result)
  [JStyle TX] 21:02:02:05:FF:9A SpO2 start: 2803010000000000000000000000002c
[BLE] Devices in range: ['2E:1C:B8:CF:AF:06(WearOS BLE=6D:70:CB:26:02:FF name=NA-W-AF06)', '21:02:02:05:F9:DD', '21:02:02:06:9F:20', '21:02:02:06:9F:7F', '21:02:02:06:A0:63', '21:02:02:06:A0:F4']
[BLE] Persistent scanner started
[BLE] 21:02:02:05:FF:9A: confirmed off-wrist; ending SpO2 early
  [JStyle TX] 21:02:02:05:FF:9A SpO2 stop: 2803000000000000000000000000002b
[BLE] 21:02:02:05:FF:9A: SpO2 off_wrist after one stream (0 samples)
[BLE] 21:02:02:05:FF:9A: SpO2 did not verify — keeping connection and resuming HR/Temp (count=1)
[BLE] 21:02:02:05:FF:9A: completed 1 measurement cycle(s); rotating adapter slot (cycle_seconds=75.2)
[BLE] Monitoring ended for 21:02:02:05:FF:9A
  [JStyle TX] 21:02:02:05:FF:9A HR/Temp stop: 09000000000000000000000000000009
    ⏳ 21:02:02:05:FF:9A disconnecting safely...
[BLE] Devices in range: ['2E:1C:B8:CF:AF:06(WearOS BLE=6D:70:CB:26:02:FF name=NA-W-AF06)', '21:02:02:05:F9:DD', '21:02:02:06:9F:20', '21:02:02:06:A0:63', '21:02:02:06:A0:F4', '03:02:02:08:29:96']
[BLE] Connecting to 2E:1C:B8:CF:AF:06 (BLE=6D:70:CB:26:02:FF, name=NA-W-AF06, RSSI=-74 dBm)...
[BLE] Connect attempt 1/3 for 2E:1C:B8:CF:AF:06
[BLE] Scanner stopped
[BLE] 21:02:02:05:FF:9A disconnected
[BLE] Connected to 2E:1C:B8:CF:AF:06 (attempt 1)
[BLE] Starting Wear OS monitoring for 2E:1C:B8:CF:AF:06
[WearOS] 2E:1C:B8:CF:AF:06: notify subscribed on 0000b101-0000-1000-8000-00805f9b34fb
[BLE] Persistent scanner started
[BLE] Connecting to 21:02:02:05:F9:DD (BLE=21:02:02:05:F9:DD, name=J2208A 05F9DD, RSSI=-70 dBm)...
[BLE] Connect attempt 1/1 for 21:02:02:05:F9:DD
[BLE] Scanner stopped
{"event":"operational_status","registeredDevices":8,"connectedDevices":1,"discoveredDevices":7,"scannerActive":false,"criticalMeasurement":false,"connectionBudget":3}
[DB] Active devices: 8
[BLE] Connected to 21:02:02:05:F9:DD (attempt 1)
[BLE] Starting JStyle/iStyle monitoring for 21:02:02:05:F9:DD
[BLE] Persistent scanner started
[BLE] Connecting to 21:02:02:06:9F:20 (BLE=21:02:02:06:9F:20, name=J2208A 069F20, RSSI=-74 dBm)...
[BLE] Connect attempt 1/1 for 21:02:02:06:9F:20
[BLE] Scanner stopped
[BLE] 21:02:02:05:F9:DD: Phase 1 — HR/Temp stream started (minimum=15s, hard_timeout=35s)
  [JStyle TX] 21:02:02:05:F9:DD HR/Temp start: 0901000000000000000000000000000a
[BLE] 21:02:02:05:F9:DD: HR/Temp command sent
  [JStyle TX] 21:02:02:05:F9:DD keepalive: 41000000000000000000000000000041
  [JStyle] 21:02:02:05:F9:DD: off-wrist confirmation 1/3
  [JStyle TX] 21:02:02:05:F9:DD battery: 13000000000000000000000000000013
[BLE] Connected to 21:02:02:06:9F:20 (attempt 1)
[BLE] Starting JStyle/iStyle monitoring for 21:02:02:06:9F:20
[BLE] 21:02:02:06:9F:20: Phase 1 — HR/Temp stream started (minimum=15s, hard_timeout=35s)
  [JStyle TX] 21:02:02:06:9F:20 HR/Temp start: 0901000000000000000000000000000a
[BLE] 21:02:02:06:9F:20: HR/Temp command sent
  [JStyle TX] 21:02:02:06:9F:20 keepalive: 41000000000000000000000000000041
  [JStyle] 21:02:02:06:9F:20: off-wrist confirmation 1/3
  [JStyle TX] 21:02:02:06:9F:20 battery: 13000000000000000000000000000013
[BLE] Devices in range: ['2E:1C:B8:CF:AF:06(WearOS BLE=6D:70:CB:26:02:FF name=NA-W-AF06)', '21:02:02:06:A0:63', '21:02:02:06:A0:F4', '03:02:02:08:29:96', '21:02:02:05:FF:9A', '21:02:02:05:F9:DD', '21:02:02:06:9F:20']
[BLE] Devices in range: ['2E:1C:B8:CF:AF:06(WearOS BLE=6D:70:CB:26:02:FF name=NA-W-AF06)', '21:02:02:06:A0:63', '21:02:02:05:FF:9A', '21:02:02:05:F9:DD', '21:02:02:06:9F:20']
[WearOS] Monitoring ended for 2E:1C:B8:CF:AF:06
[DB] Active devices: 8
[BLE] Devices in range: ['21:02:02:06:9F:20']
[BLE] Persistent scanner started
  [JStyle TX] 21:02:02:05:F9:DD keepalive: 41000000000000000000000000000041
[BLE] Devices in range: ['2E:1C:B8:CF:AF:06(WearOS BLE=6D:70:CB:26:02:FF name=NA-W-AF06)', '21:02:02:06:9F:7F', '21:02:02:06:A0:63', '03:02:02:08:29:96', '21:02:02:05:FF:9A']
[BLE] Devices in range: ['2E:1C:B8:CF:AF:06(WearOS BLE=6D:70:CB:26:02:FF name=NA-W-AF06)', '21:02:02:06:9F:7F', '21:02:02:06:A0:63', '03:02:02:08:29:96', '21:02:02:05:FF:9A']
[BLE] 21:02:02:05:F9:DD: HR/Temp hard timeout (hr_samples=0, temp_samples=0)
[BLE] 21:02:02:05:F9:DD: waiting for isolated SpO2 measurement slot
[BLE] 21:02:02:05:F9:DD: Phase 2 — isolated single-shot SpO2 measurement (queue_wait=0.0s)
  [JStyle TX] 21:02:02:05:F9:DD HR/Temp stop: 09000000000000000000000000000009
  [JStyle] 21:02:02:05:F9:DD: off-wrist confirmation 2/3
[BLE] Scanner stopped
[BLE] 21:02:02:05:F9:DD: SpO2 stream started once (waiting for device final result)
  [JStyle TX] 21:02:02:05:F9:DD SpO2 start: 2803010000000000000000000000002c
[BLE] Devices in range: ['2E:1C:B8:CF:AF:06(WearOS BLE=6D:70:CB:26:02:FF name=NA-W-AF06)', '21:02:02:06:9F:7F', '21:02:02:06:A0:63', '03:02:02:08:29:96', '21:02:02:05:FF:9A']
[BLE] Persistent scanner started
  [JStyle TX] 21:02:02:06:9F:20 keepalive: 41000000000000000000000000000041
[BLE] Devices in range: ['2E:1C:B8:CF:AF:06(WearOS BLE=6D:70:CB:26:02:FF name=NA-W-AF06)', '21:02:02:06:9F:7F', '21:02:02:06:A0:63', '03:02:02:08:29:96', '21:02:02:05:FF:9A']
[BLE] Devices in range: ['2E:1C:B8:CF:AF:06(WearOS BLE=6D:70:CB:26:02:FF name=NA-W-AF06)', '21:02:02:06:9F:7F', '21:02:02:06:A0:63', '21:02:02:06:A0:F4', '03:02:02:08:29:96', '21:02:02:05:FF:9A']
[BLE] 21:02:02:06:9F:20: HR/Temp hard timeout (hr_samples=0, temp_samples=0)
[BLE] 21:02:02:06:9F:20: waiting for isolated SpO2 measurement slot
{"event":"operational_status","registeredDevices":8,"connectedDevices":2,"discoveredDevices":6,"scannerActive":true,"criticalMeasurement":true,"connectionBudget":3}
[DB] Active devices: 8
[BLE] Devices in range: ['2E:1C:B8:CF:AF:06(WearOS BLE=6D:70:CB:26:02:FF name=NA-W-AF06)', '21:02:02:06:9F:7F', '21:02:02:06:A0:63', '21:02:02:06:A0:F4', '03:02:02:08:29:96', '21:02:02:05:FF:9A']
[BLE] Devices in range: ['2E:1C:B8:CF:AF:06(WearOS BLE=6D:70:CB:26:02:FF name=NA-W-AF06)', '21:02:02:06:9F:7F', '21:02:02:06:A0:63', '21:02:02:06:A0:F4', '03:02:02:08:29:96', '21:02:02:05:FF:9A']
[BLE] Devices in range: ['2E:1C:B8:CF:AF:06(WearOS BLE=6D:70:CB:26:02:FF name=NA-W-AF06)', '21:02:02:06:9F:7F', '21:02:02:06:A0:63', '21:02:02:06:A0:F4', '03:02:02:08:29:96', '21:02:02:05:FF:9A']
[BLE] Devices in range: ['2E:1C:B8:CF:AF:06(WearOS BLE=6D:70:CB:26:02:FF name=NA-W-AF06)', '21:02:02:06:9F:7F', '21:02:02:06:A0:63', '21:02:02:06:A0:F4', '03:02:02:08:29:96', '21:02:02:05:FF:9A']
[BLE] Devices in range: ['2E:1C:B8:CF:AF:06(WearOS BLE=6D:70:CB:26:02:FF name=NA-W-AF06)', '21:02:02:06:9F:7F', '21:02:02:06:A0:63', '21:02:02:06:A0:F4', '03:02:02:08:29:96', '21:02:02:05:FF:9A']
[BLE] Devices in range: ['2E:1C:B8:CF:AF:06(WearOS BLE=6D:70:CB:26:02:FF name=NA-W-AF06)', '21:02:02:06:A0:63', '21:02:02:06:A0:F4', '03:02:02:08:29:96', '21:02:02:05:FF:9A']
[DB] Active devices: 8
  [JStyle TX] 21:02:02:05:F9:DD SpO2 stop: 2803000000000000000000000000002b
[BLE] 21:02:02:05:F9:DD: SpO2 timeout after one stream (0 samples)
[BLE] 21:02:02:05:F9:DD: SpO2 did not verify — keeping connection and resuming HR/Temp (count=1)
[BLE] 21:02:02:05:F9:DD: completed 1 measurement cycle(s); rotating adapter slot (cycle_seconds=87.7)
[BLE] Monitoring ended for 21:02:02:05:F9:DD
[BLE] 21:02:02:06:9F:20: Phase 2 — isolated single-shot SpO2 measurement (queue_wait=32.8s)
  [JStyle TX] 21:02:02:06:9F:20 HR/Temp stop: 09000000000000000000000000000009
  [JStyle TX] 21:02:02:05:F9:DD HR/Temp stop: 09000000000000000000000000000009
    ⏳ 21:02:02:05:F9:DD disconnecting safely...
  [JStyle] 21:02:02:05:F9:DD: off-wrist confirmation 1/3
[BLE] Devices in range: ['2E:1C:B8:CF:AF:06(WearOS BLE=6D:70:CB:26:02:FF name=NA-W-AF06)', '21:02:02:06:9F:7F', '21:02:02:06:A0:63', '21:02:02:06:A0:F4', '03:02:02:08:29:96', '21:02:02:05:FF:9A']
  [JStyle] 21:02:02:06:9F:20: off-wrist confirmation 2/3
[BLE] 21:02:02:05:F9:DD disconnected
[BLE] Scanner stopped
[BLE] 21:02:02:06:9F:20: SpO2 stream started once (waiting for device final result)
  [JStyle TX] 21:02:02:06:9F:20 SpO2 start: 2803010000000000000000000000002c
[BLE] Devices in range: ['2E:1C:B8:CF:AF:06(WearOS BLE=6D:70:CB:26:02:FF name=NA-W-AF06)', '21:02:02:06:9F:7F', '21:02:02:06:A0:63', '21:02:02:06:A0:F4', '03:02:02:08:29:96', '21:02:02:05:FF:9A', '21:02:02:05:F9:DD']
[BLE] Persistent scanner started
[BLE] 21:02:02:06:9F:20: confirmed off-wrist; ending SpO2 early
  [JStyle TX] 21:02:02:06:9F:20 SpO2 stop: 2803000000000000000000000000002b
[BLE] 21:02:02:06:9F:20: SpO2 off_wrist after one stream (0 samples)
[BLE] 21:02:02:06:9F:20: SpO2 did not verify — keeping connection and resuming HR/Temp (count=1)
[BLE] 21:02:02:06:9F:20: completed 1 measurement cycle(s); rotating adapter slot (cycle_seconds=82.3)
[BLE] Monitoring ended for 21:02:02:06:9F:20
  [JStyle TX] 21:02:02:06:9F:20 HR/Temp stop: 09000000000000000000000000000009
    ⏳ 21:02:02:06:9F:20 disconnecting safely...
[BLE] 21:02:02:06:9F:20 disconnected
[BLE] Devices in range: ['2E:1C:B8:CF:AF:06(WearOS BLE=6D:70:CB:26:02:FF name=NA-W-AF06)', '21:02:02:06:9F:7F', '21:02:02:06:A0:63', '21:02:02:06:A0:F4', '03:02:02:08:29:96', '21:02:02:05:FF:9A', '21:02:02:05:F9:DD']
[BLE] Connecting to 2E:1C:B8:CF:AF:06 (BLE=6D:70:CB:26:02:FF, name=NA-W-AF06, RSSI=-78 dBm)...
[BLE] Connect attempt 1/3 for 2E:1C:B8:CF:AF:06
[BLE] Scanner stopped
[SHUTDOWN] Full shutdown...
[MQTT] Unexpected disconnect (rc=7), trying reconnect...
[SHUTDOWN] Stopping scanner...
[SHUTDOWN] Stopping MQTT...
[SHUTDOWN] Done — process exiting cleanly
============================================================
 NurseAid BLE Gateway — Unified BLE Central Gateway
============================================================
  DB Host:        postgres:5432
  DB Name:        softwatch_iot
  MQTT Host:      mosquitto:1883
  BLE Require Paired: True
  Device Sync:    every 30s
  Connect Timeout: 20.0s
  GATT TX/RX:     0000fff6-0000-1000-8000-00805f9b34fb / 0000fff7-0000-1000-8000-00805f9b34fb
  WearOS Service: 0000b100-0000-1000-8000-00805f9b34fb
  WearOS Vitals:  0000b101-0000-1000-8000-00805f9b34fb
  JStyle Commands: True
  JStyle Adv Publish: True
  JStyle GATT Connect: True
  GATT Connection Budget: 3 (WearOS reserved: 1)
  JStyle Rotation: 1 cycle(s) per connection
  Sensor Drivers: wearos, jstyle, standard_gatt, xiaomi_mibeacon, mobile_relay
============================================================
/app/nurseaid_ble_gateway.py:242: DeprecationWarning: Callback API version 1 is deprecated, update to latest version
  self.client = mqtt.Client(
[MQTT] Connected successfully
[MQTT] Connected to mosquitto:1883
[DB] Discovered 8 new device(s) from DB
[DB] Active devices: 8
[BLE] Starting main controller...
🧹 [STARTUP] Cleaning stale Bluetooth state...
{"event":"operational_status","registeredDevices":8,"connectedDevices":0,"discoveredDevices":0,"scannerActive":false,"criticalMeasurement":false,"connectionBudget":3}
    ✅ Adapter clean, ready to use
[BLE] Persistent scanner started
[BLE] Devices in range: ['2E:1C:B8:CF:AF:06(WearOS BLE=6D:70:CB:26:02:FF name=None)', '03:02:02:08:29:96', '21:02:02:05:F9:DD', '21:02:02:05:FF:9A', '21:02:02:06:9F:20', '21:02:02:06:9F:7F', '21:02:02:06:A0:63', '21:02:02:06:A0:F4']
[BLE] Connecting to 2E:1C:B8:CF:AF:06 (BLE=6D:70:CB:26:02:FF, name=None, RSSI=-74 dBm)...
[BLE] Connect attempt 1/3 for 2E:1C:B8:CF:AF:06
[BLE] Scanner stopped
[BLE] Connected to 2E:1C:B8:CF:AF:06 (attempt 1)
[BLE] Starting Wear OS monitoring for 2E:1C:B8:CF:AF:06
[WearOS] 2E:1C:B8:CF:AF:06: notify subscribed on 0000b101-0000-1000-8000-00805f9b34fb
[BLE] Persistent scanner started
[BLE] Connecting to 03:02:02:08:29:96 (BLE=03:02:02:08:29:96, name=J2208A 082996, RSSI=-74 dBm)...
[BLE] Connect attempt 1/1 for 03:02:02:08:29:96
[BLE] Scanner stopped
[BLE] Connected to 03:02:02:08:29:96 (attempt 1)
[BLE] Starting JStyle/iStyle monitoring for 03:02:02:08:29:96
[BLE] Persistent scanner started
[BLE] Connecting to 21:02:02:05:F9:DD (BLE=21:02:02:05:F9:DD, name=J2208A 05F9DD, RSSI=-73 dBm)...
[BLE] Connect attempt 1/1 for 21:02:02:05:F9:DD
[BLE] 03:02:02:08:29:96: Phase 1 — HR/Temp stream started (minimum=15s, hard_timeout=35s)
  [JStyle TX] 03:02:02:08:29:96 HR/Temp start: 0901000000000000000000000000000a
[BLE] 03:02:02:08:29:96: HR/Temp command sent
  [JStyle TX] 03:02:02:08:29:96 keepalive: 41000000000000000000000000000041
  [JStyle] 03:02:02:08:29:96: off-wrist confirmation 1/3
  [JStyle TX] 03:02:02:08:29:96 battery: 13000000000000000000000000000013
[BLE] Scanner stopped
[DB] Active devices: 8
[BLE] Connected to 21:02:02:05:F9:DD (attempt 1)
[BLE] Starting JStyle/iStyle monitoring for 21:02:02:05:F9:DD
[BLE] 21:02:02:05:F9:DD: Phase 1 — HR/Temp stream started (minimum=15s, hard_timeout=35s)
  [JStyle TX] 21:02:02:05:F9:DD HR/Temp start: 0901000000000000000000000000000a
[BLE] 21:02:02:05:F9:DD: HR/Temp command sent
  [JStyle TX] 21:02:02:05:F9:DD keepalive: 41000000000000000000000000000041
  [JStyle] 21:02:02:05:F9:DD: off-wrist confirmation 1/3
  [JStyle TX] 21:02:02:05:F9:DD battery: 13000000000000000000000000000013
[WearOS] Monitoring ended for 2E:1C:B8:CF:AF:06
[BLE] Devices in range: ['2E:1C:B8:CF:AF:06(WearOS BLE=6D:70:CB:26:02:FF name=NA-W-AF06)', '21:02:02:05:FF:9A', '21:02:02:06:9F:20', '21:02:02:06:9F:7F', '21:02:02:06:A0:63', '21:02:02:06:A0:F4', '21:02:02:05:F9:DD']
[BLE] Devices in range: ['21:02:02:05:FF:9A', '21:02:02:06:9F:20', '21:02:02:06:9F:7F', '21:02:02:06:A0:63', '21:02:02:06:A0:F4', '21:02:02:05:F9:DD']
[BLE] Persistent scanner started
[BLE] Devices in range: ['2E:1C:B8:CF:AF:06(WearOS BLE=6D:70:CB:26:02:FF name=NA-W-AF06)', '21:02:02:05:FF:9A', '21:02:02:06:9F:20', '21:02:02:06:9F:7F', '21:02:02:06:A0:63', '21:02:02:06:A0:F4', '21:02:02:05:F9:DD']
  [JStyle TX] 03:02:02:08:29:96 keepalive: 41000000000000000000000000000041
[BLE] Devices in range: ['2E:1C:B8:CF:AF:06(WearOS BLE=6D:70:CB:26:02:FF name=NA-W-AF06)', '21:02:02:05:FF:9A', '21:02:02:06:9F:20', '21:02:02:06:9F:7F', '21:02:02:06:A0:F4']
{"event":"operational_status","registeredDevices":8,"connectedDevices":2,"discoveredDevices":5,"scannerActive":true,"criticalMeasurement":false,"connectionBudget":3}
[DB] Active devices: 8
[BLE] Devices in range: ['2E:1C:B8:CF:AF:06(WearOS BLE=6D:70:CB:26:02:FF name=NA-W-AF06)', '21:02:02:05:FF:9A', '21:02:02:06:9F:20', '21:02:02:06:9F:7F', '21:02:02:06:A0:63', '21:02:02:06:A0:F4']
[BLE] 03:02:02:08:29:96: HR/Temp hard timeout (hr_samples=0, temp_samples=0)
[BLE] 03:02:02:08:29:96: waiting for isolated SpO2 measurement slot
[BLE] 03:02:02:08:29:96: Phase 2 — isolated single-shot SpO2 measurement (queue_wait=0.0s)
  [JStyle TX] 03:02:02:08:29:96 HR/Temp stop: 09000000000000000000000000000009
  [JStyle] 03:02:02:08:29:96: off-wrist confirmation 2/3
[BLE] Scanner stopped
[BLE] 03:02:02:08:29:96: SpO2 stream started once (waiting for device final result)
  [JStyle TX] 03:02:02:08:29:96 SpO2 start: 2803010000000000000000000000002c
[BLE] Devices in range: ['2E:1C:B8:CF:AF:06(WearOS BLE=6D:70:CB:26:02:FF name=NA-W-AF06)', '21:02:02:05:FF:9A', '21:02:02:06:9F:20', '21:02:02:06:9F:7F', '21:02:02:06:A0:63', '21:02:02:06:A0:F4']
[BLE] Persistent scanner started
  [JStyle TX] 21:02:02:05:F9:DD keepalive: 41000000000000000000000000000041
[BLE] Devices in range: ['2E:1C:B8:CF:AF:06(WearOS BLE=6D:70:CB:26:02:FF name=NA-W-AF06)', '21:02:02:05:FF:9A', '21:02:02:06:9F:20', '21:02:02:06:9F:7F', '21:02:02:06:A0:63', '21:02:02:06:A0:F4']
[BLE] 21:02:02:05:F9:DD: HR/Temp hard timeout (hr_samples=0, temp_samples=0)
[BLE] 21:02:02:05:F9:DD: waiting for isolated SpO2 measurement slot
[BLE] Devices in range: ['2E:1C:B8:CF:AF:06(WearOS BLE=6D:70:CB:26:02:FF name=NA-W-AF06)', '21:02:02:05:FF:9A', '21:02:02:06:9F:20', '21:02:02:06:9F:7F', '21:02:02:06:A0:63', '21:02:02:06:A0:F4']
[BLE] Devices in range: ['2E:1C:B8:CF:AF:06(WearOS BLE=6D:70:CB:26:02:FF name=NA-W-AF06)', '21:02:02:05:FF:9A', '21:02:02:06:9F:20', '21:02:02:06:9F:7F', '21:02:02:06:A0:63', '21:02:02:06:A0:F4']
[BLE] Devices in range: ['2E:1C:B8:CF:AF:06(WearOS BLE=6D:70:CB:26:02:FF name=NA-W-AF06)', '21:02:02:05:FF:9A', '21:02:02:06:9F:20', '21:02:02:06:9F:7F', '21:02:02:06:A0:63', '21:02:02:06:A0:F4']
[DB] Active devices: 8
[BLE] Devices in range: ['2E:1C:B8:CF:AF:06(WearOS BLE=6D:70:CB:26:02:FF name=NA-W-AF06)', '21:02:02:05:FF:9A', '21:02:02:06:9F:20', '21:02:02:06:9F:7F', '21:02:02:06:A0:63', '21:02:02:06:A0:F4']
[BLE] Devices in range: ['2E:1C:B8:CF:AF:06(WearOS BLE=6D:70:CB:26:02:FF name=NA-W-AF06)', '21:02:02:05:FF:9A', '21:02:02:06:9F:20', '21:02:02:06:9F:7F', '21:02:02:06:A0:63', '21:02:02:06:A0:F4']
[BLE] Devices in range: ['2E:1C:B8:CF:AF:06(WearOS BLE=6D:70:CB:26:02:FF name=NA-W-AF06)', '21:02:02:05:FF:9A', '21:02:02:06:9F:20', '21:02:02:06:9F:7F', '21:02:02:06:A0:63', '21:02:02:06:A0:F4']
[BLE] Devices in range: ['2E:1C:B8:CF:AF:06(WearOS BLE=6D:70:CB:26:02:FF name=NA-W-AF06)', '21:02:02:05:FF:9A', '21:02:02:06:9F:20', '21:02:02:06:9F:7F', '21:02:02:06:A0:63', '21:02:02:06:A0:F4']
  [JStyle TX] 03:02:02:08:29:96 SpO2 stop: 2803000000000000000000000000002b
[BLE] 03:02:02:08:29:96: SpO2 timeout after one stream (0 samples)
[BLE] 03:02:02:08:29:96: SpO2 did not verify — keeping connection and resuming HR/Temp (count=1)
[BLE] 03:02:02:08:29:96: completed 1 measurement cycle(s); rotating adapter slot (cycle_seconds=89.4)
[BLE] Monitoring ended for 03:02:02:08:29:96
[BLE] 21:02:02:05:F9:DD: Phase 2 — isolated single-shot SpO2 measurement (queue_wait=35.8s)
  [JStyle TX] 21:02:02:05:F9:DD HR/Temp stop: 09000000000000000000000000000009
  [JStyle TX] 03:02:02:08:29:96 HR/Temp stop: 09000000000000000000000000000009
    ⏳ 03:02:02:08:29:96 disconnecting safely...
  [JStyle] 21:02:02:05:F9:DD: off-wrist confirmation 2/3
[BLE] Devices in range: ['2E:1C:B8:CF:AF:06(WearOS BLE=6D:70:CB:26:02:FF name=NA-W-AF06)', '21:02:02:05:FF:9A', '21:02:02:06:9F:20', '21:02:02:06:9F:7F', '21:02:02:06:A0:63', '21:02:02:06:A0:F4']
[BLE] 03:02:02:08:29:96 disconnected
[BLE] Scanner stopped
[BLE] 21:02:02:05:F9:DD: SpO2 stream started once (waiting for device final result)
  [JStyle TX] 21:02:02:05:F9:DD SpO2 start: 2803010000000000000000000000002c
[BLE] 21:02:02:05:F9:DD: confirmed off-wrist; ending SpO2 early
  [JStyle TX] 21:02:02:05:F9:DD SpO2 stop: 2803000000000000000000000000002b
[BLE] Persistent scanner started
[BLE] 21:02:02:05:F9:DD: SpO2 off_wrist after one stream (0 samples)
[BLE] 21:02:02:05:F9:DD: SpO2 did not verify — keeping connection and resuming HR/Temp (count=1)
[BLE] 21:02:02:05:F9:DD: completed 1 measurement cycle(s); rotating adapter slot (cycle_seconds=80.6)
[BLE] Monitoring ended for 21:02:02:05:F9:DD
  [JStyle TX] 21:02:02:05:F9:DD HR/Temp stop: 09000000000000000000000000000009
    ⏳ 21:02:02:05:F9:DD disconnecting safely...
[BLE] Devices in range: ['2E:1C:B8:CF:AF:06(WearOS BLE=6D:70:CB:26:02:FF name=NA-W-AF06)', '21:02:02:05:FF:9A', '21:02:02:06:9F:20', '21:02:02:06:9F:7F', '21:02:02:06:A0:63', '21:02:02:06:A0:F4']
[BLE] Connecting to 2E:1C:B8:CF:AF:06 (BLE=6D:70:CB:26:02:FF, name=NA-W-AF06, RSSI=-79 dBm)...
[BLE] Connect attempt 1/3 for 2E:1C:B8:CF:AF:06
[BLE] Scanner stopped
{"event":"operational_status","registeredDevices":8,"connectedDevices":1,"discoveredDevices":6,"scannerActive":false,"criticalMeasurement":false,"connectionBudget":3}
[DB] Active devices: 8
[BLE] 21:02:02:05:F9:DD disconnected
[BLE] Connected to 2E:1C:B8:CF:AF:06 (attempt 1)
[BLE] Starting Wear OS monitoring for 2E:1C:B8:CF:AF:06
[WearOS] 2E:1C:B8:CF:AF:06: notify subscribed on 0000b101-0000-1000-8000-00805f9b34fb
[BLE] Persistent scanner started
[BLE] Connecting to 21:02:02:05:FF:9A (BLE=21:02:02:05:FF:9A, name=J2208A 05FF9A, RSSI=-73 dBm)...
[BLE] Connect attempt 1/1 for 21:02:02:05:FF:9A
[BLE] Scanner stopped
[BLE] Connected to 21:02:02:05:FF:9A (attempt 1)
[BLE] Starting JStyle/iStyle monitoring for 21:02:02:05:FF:9A
[BLE] Persistent scanner started
[BLE] Connecting to 21:02:02:06:9F:20 (BLE=21:02:02:06:9F:20, name=J2208A 069F20, RSSI=-66 dBm)...
[BLE] Connect attempt 1/1 for 21:02:02:06:9F:20
[BLE] Scanner stopped
[BLE] 21:02:02:05:FF:9A: Phase 1 — HR/Temp stream started (minimum=15s, hard_timeout=35s)
  [JStyle TX] 21:02:02:05:FF:9A HR/Temp start: 0901000000000000000000000000000a
[BLE] 21:02:02:05:FF:9A: HR/Temp command sent
  [JStyle TX] 21:02:02:05:FF:9A keepalive: 41000000000000000000000000000041
  [JStyle] 21:02:02:05:FF:9A: off-wrist confirmation 1/3
  [JStyle TX] 21:02:02:05:FF:9A battery: 13000000000000000000000000000013
[BLE] Connected to 21:02:02:06:9F:20 (attempt 1)
[BLE] Starting JStyle/iStyle monitoring for 21:02:02:06:9F:20
[BLE] 21:02:02:06:9F:20: Phase 1 — HR/Temp stream started (minimum=15s, hard_timeout=35s)
  [JStyle TX] 21:02:02:06:9F:20 HR/Temp start: 0901000000000000000000000000000a
[BLE] 21:02:02:06:9F:20: HR/Temp command sent
  [JStyle TX] 21:02:02:06:9F:20 keepalive: 41000000000000000000000000000041
  [JStyle] 21:02:02:06:9F:20: off-wrist confirmation 1/3
  [JStyle TX] 21:02:02:06:9F:20 battery: 13000000000000000000000000000013
[BLE] Devices in range: ['2E:1C:B8:CF:AF:06(WearOS BLE=6D:70:CB:26:02:FF name=NA-W-AF06)', '21:02:02:06:9F:7F', '21:02:02:06:A0:F4', '03:02:02:08:29:96', '21:02:02:05:F9:DD', '21:02:02:05:FF:9A', '21:02:02:06:9F:20']
[BLE] Devices in range: ['2E:1C:B8:CF:AF:06(WearOS BLE=6D:70:CB:26:02:FF name=NA-W-AF06)', '21:02:02:06:9F:7F', '21:02:02:06:A0:F4', '03:02:02:08:29:96', '21:02:02:05:F9:DD', '21:02:02:05:FF:9A', '21:02:02:06:9F:20']
[DB] Active devices: 8
[BLE] Devices in range: ['2E:1C:B8:CF:AF:06(WearOS BLE=6D:70:CB:26:02:FF name=NA-W-AF06)', '21:02:02:06:9F:7F', '21:02:02:06:A0:F4', '03:02:02:08:29:96', '21:02:02:05:F9:DD', '21:02:02:05:FF:9A', '21:02:02:06:9F:20']
[WearOS] Monitoring ended for 2E:1C:B8:CF:AF:06
[BLE] Devices in range: ['21:02:02:06:9F:20']
[BLE] Persistent scanner started
[BLE] Devices in range: ['2E:1C:B8:CF:AF:06(WearOS BLE=6D:70:CB:26:02:FF name=NA-W-AF06)', '21:02:02:06:9F:7F', '21:02:02:06:A0:F4', '03:02:02:08:29:96', '21:02:02:05:F9:DD', '21:02:02:06:9F:20']
  [JStyle TX] 21:02:02:05:FF:9A keepalive: 41000000000000000000000000000041
[BLE] Devices in range: ['2E:1C:B8:CF:AF:06(WearOS BLE=6D:70:CB:26:02:FF name=NA-W-AF06)', '21:02:02:06:9F:7F', '21:02:02:06:A0:63', '21:02:02:06:A0:F4', '03:02:02:08:29:96', '21:02:02:05:F9:DD']
  [JStyle TX] 21:02:02:06:9F:20 keepalive: 41000000000000000000000000000041
[BLE] 21:02:02:05:FF:9A: HR/Temp hard timeout (hr_samples=0, temp_samples=0)
[BLE] 21:02:02:05:FF:9A: waiting for isolated SpO2 measurement slot
[BLE] 21:02:02:05:FF:9A: Phase 2 — isolated single-shot SpO2 measurement (queue_wait=0.0s)
  [JStyle TX] 21:02:02:05:FF:9A HR/Temp stop: 09000000000000000000000000000009
  [JStyle] 21:02:02:05:FF:9A: off-wrist confirmation 2/3
[BLE] Devices in range: ['2E:1C:B8:CF:AF:06(WearOS BLE=6D:70:CB:26:02:FF name=NA-W-AF06)', '21:02:02:06:9F:7F', '21:02:02:06:A0:63', '21:02:02:06:A0:F4', '03:02:02:08:29:96', '21:02:02:05:F9:DD']
[BLE] Scanner stopped
[BLE] 21:02:02:05:FF:9A: SpO2 stream started once (waiting for device final result)
  [JStyle TX] 21:02:02:05:FF:9A SpO2 start: 2803010000000000000000000000002c
[BLE] 21:02:02:06:9F:20: HR/Temp hard timeout (hr_samples=0, temp_samples=0)
[BLE] 21:02:02:06:9F:20: waiting for isolated SpO2 measurement slot
[BLE] 21:02:02:05:FF:9A: confirmed off-wrist; ending SpO2 early
  [JStyle TX] 21:02:02:05:FF:9A SpO2 stop: 2803000000000000000000000000002b
[BLE] Persistent scanner started
[BLE] 21:02:02:05:FF:9A: SpO2 off_wrist after one stream (0 samples)
[BLE] 21:02:02:05:FF:9A: SpO2 did not verify — keeping connection and resuming HR/Temp (count=1)
[BLE] 21:02:02:05:FF:9A: completed 1 measurement cycle(s); rotating adapter slot (cycle_seconds=44.3)
[BLE] Monitoring ended for 21:02:02:05:FF:9A
[BLE] 21:02:02:06:9F:20: Phase 2 — isolated single-shot SpO2 measurement (queue_wait=0.5s)
  [JStyle TX] 21:02:02:06:9F:20 HR/Temp stop: 09000000000000000000000000000009
  [JStyle TX] 21:02:02:05:FF:9A HR/Temp stop: 09000000000000000000000000000009
  [JStyle] 21:02:02:06:9F:20: off-wrist confirmation 2/3
    ⏳ 21:02:02:05:FF:9A disconnecting safely...
[BLE] Devices in range: ['2E:1C:B8:CF:AF:06(WearOS BLE=6D:70:CB:26:02:FF name=NA-W-AF06)', '21:02:02:06:9F:7F', '21:02:02:06:A0:63', '21:02:02:06:A0:F4', '03:02:02:08:29:96', '21:02:02:05:F9:DD']
[BLE] 21:02:02:05:FF:9A disconnected
[BLE] Scanner stopped
[BLE] 21:02:02:06:9F:20: SpO2 stream started once (waiting for device final result)
  [JStyle TX] 21:02:02:06:9F:20 SpO2 start: 2803010000000000000000000000002c
{"event":"operational_status","registeredDevices":8,"connectedDevices":1,"discoveredDevices":7,"scannerActive":false,"criticalMeasurement":true,"connectionBudget":3}
[DB] Active devices: 8
[BLE] 21:02:02:06:9F:20: confirmed off-wrist; ending SpO2 early
  [JStyle TX] 21:02:02:06:9F:20 SpO2 stop: 2803000000000000000000000000002b
[BLE] Persistent scanner started
[BLE] 21:02:02:06:9F:20: SpO2 off_wrist after one stream (0 samples)
[BLE] 21:02:02:06:9F:20: SpO2 did not verify — keeping connection and resuming HR/Temp (count=1)
[BLE] 21:02:02:06:9F:20: completed 1 measurement cycle(s); rotating adapter slot (cycle_seconds=45.0)
[BLE] Monitoring ended for 21:02:02:06:9F:20
  [JStyle TX] 21:02:02:06:9F:20 HR/Temp stop: 09000000000000000000000000000009
    ⏳ 21:02:02:06:9F:20 disconnecting safely...
[BLE] Devices in range: ['2E:1C:B8:CF:AF:06(WearOS BLE=6D:70:CB:26:02:FF name=NA-W-AF06)', '21:02:02:06:9F:7F', '21:02:02:06:A0:63', '21:02:02:06:A0:F4', '03:02:02:08:29:96', '21:02:02:05:F9:DD']
[BLE] Connecting to 21:02:02:06:9F:7F (BLE=21:02:02:06:9F:7F, name=J2208A 069F7F, RSSI=-73 dBm)...
[BLE] Connect attempt 1/1 for 21:02:02:06:9F:7F
[BLE] 21:02:02:06:9F:20 disconnected
[BLE] Scanner stopped
[BLE] Connected to 21:02:02:06:9F:7F (attempt 1)
[BLE] Starting JStyle/iStyle monitoring for 21:02:02:06:9F:7F
[BLE] Persistent scanner started
[BLE] Connecting to 21:02:02:06:A0:63 (BLE=21:02:02:06:A0:63, name=J2208A 06A063, RSSI=-82 dBm)...
[BLE] Connect attempt 1/1 for 21:02:02:06:A0:63
[BLE] 21:02:02:06:9F:7F: Phase 1 — HR/Temp stream started (minimum=15s, hard_timeout=35s)
  [JStyle TX] 21:02:02:06:9F:7F HR/Temp start: 0901000000000000000000000000000a
[BLE] 21:02:02:06:9F:7F: HR/Temp command sent
  [JStyle TX] 21:02:02:06:9F:7F keepalive: 41000000000000000000000000000041
  [JStyle] 21:02:02:06:9F:7F: off-wrist confirmation 1/3
  [JStyle TX] 21:02:02:06:9F:7F battery: 13000000000000000000000000000013
[BLE] Scanner stopped
[BLE] Connected to 21:02:02:06:A0:63 (attempt 1)
[BLE] Starting JStyle/iStyle monitoring for 21:02:02:06:A0:63
[BLE] Persistent scanner started
[BLE] 21:02:02:06:A0:63: Phase 1 — HR/Temp stream started (minimum=15s, hard_timeout=35s)
  [JStyle TX] 21:02:02:06:A0:63 HR/Temp start: 0901000000000000000000000000000a
[BLE] 21:02:02:06:A0:63: HR/Temp command sent
  [JStyle TX] 21:02:02:06:A0:63 keepalive: 41000000000000000000000000000041
  [JStyle TX] 21:02:02:06:A0:63 battery: 13000000000000000000000000000013
[DB] Active devices: 8
[BLE] Devices in range: ['2E:1C:B8:CF:AF:06(WearOS BLE=6D:70:CB:26:02:FF name=NA-W-AF06)', '21:02:02:06:A0:F4', '03:02:02:08:29:96', '21:02:02:05:F9:DD', '21:02:02:05:FF:9A', '21:02:02:06:9F:20', '21:02:02:06:9F:7F', '21:02:02:06:A0:63']
[BLE] Devices in range: ['2E:1C:B8:CF:AF:06(WearOS BLE=6D:70:CB:26:02:FF name=NA-W-AF06)', '21:02:02:06:A0:F4', '03:02:02:08:29:96', '21:02:02:05:F9:DD', '21:02:02:05:FF:9A', '21:02:02:06:9F:20', '21:02:02:06:A0:63']
[BLE] Connecting to 2E:1C:B8:CF:AF:06 (BLE=6D:70:CB:26:02:FF, name=NA-W-AF06, RSSI=-73 dBm)...
[BLE] Connect attempt 1/3 for 2E:1C:B8:CF:AF:06
[BLE] Scanner stopped
[BLE] Connected to 2E:1C:B8:CF:AF:06 (attempt 1)
[BLE] Starting Wear OS monitoring for 2E:1C:B8:CF:AF:06
[WearOS] 2E:1C:B8:CF:AF:06: notify subscribed on 0000b101-0000-1000-8000-00805f9b34fb
[BLE] 21:02:02:06:A0:63: HR/Temp stable; ending phase early (elapsed=15.3s, first_hr=0.1s, first_temp=0.1s, samples=3)
[BLE] 21:02:02:06:A0:63: waiting for isolated SpO2 measurement slot
[BLE] 21:02:02:06:A0:63: Phase 2 — isolated single-shot SpO2 measurement (queue_wait=0.0s)
  [JStyle TX] 21:02:02:06:A0:63 HR/Temp stop: 09000000000000000000000000000009
[BLE] Devices in range: ['2E:1C:B8:CF:AF:06(WearOS BLE=6D:70:CB:26:02:FF name=NA-W-AF06)', '21:02:02:06:A0:F4', '03:02:02:08:29:96', '21:02:02:05:F9:DD', '21:02:02:05:FF:9A', '21:02:02:06:9F:20', '21:02:02:06:A0:63']
  [JStyle TX] 21:02:02:06:9F:7F keepalive: 41000000000000000000000000000041
[BLE] 21:02:02:06:A0:63: SpO2 stream started once (waiting for device final result)
  [JStyle TX] 21:02:02:06:A0:63 SpO2 start: 2803010000000000000000000000002c
[BLE] Devices in range: ['2E:1C:B8:CF:AF:06(WearOS BLE=6D:70:CB:26:02:FF name=NA-W-AF06)', '21:02:02:06:A0:F4', '03:02:02:08:29:96', '21:02:02:05:F9:DD', '21:02:02:05:FF:9A', '21:02:02:06:9F:20']
[BLE] 21:02:02:06:9F:7F: HR/Temp hard timeout (hr_samples=0, temp_samples=0)
[BLE] 21:02:02:06:9F:7F: waiting for isolated SpO2 measurement slot
[BLE] Devices in range: ['2E:1C:B8:CF:AF:06(WearOS BLE=6D:70:CB:26:02:FF name=NA-W-AF06)', '21:02:02:06:A0:F4', '03:02:02:08:29:96', '21:02:02:05:F9:DD', '21:02:02:05:FF:9A', '21:02:02:06:9F:20']
[BLE] Devices in range: ['2E:1C:B8:CF:AF:06(WearOS BLE=6D:70:CB:26:02:FF name=NA-W-AF06)', '21:02:02:06:A0:F4', '03:02:02:08:29:96', '21:02:02:05:F9:DD', '21:02:02:05:FF:9A', '21:02:02:06:9F:20']
{"event":"operational_status","registeredDevices":8,"connectedDevices":3,"discoveredDevices":6,"scannerActive":false,"criticalMeasurement":true,"connectionBudget":3}
[DB] Active devices: 8
[BLE] Devices in range: ['2E:1C:B8:CF:AF:06(WearOS BLE=6D:70:CB:26:02:FF name=NA-W-AF06)', '21:02:02:06:A0:F4', '03:02:02:08:29:96', '21:02:02:05:FF:9A', '21:02:02:06:9F:20']
[WearOS] Monitoring ended for 2E:1C:B8:CF:AF:06
[BLE] 21:02:02:06:A0:63: stable SpO2 window complete
  [JStyle TX] 21:02:02:06:A0:63 SpO2 stop: 2803000000000000000000000000002b
[BLE] 21:02:02:06:A0:63: SpO2 verified=98% (OK, single stream)
[BLE] 21:02:02:06:A0:63: completed 1 measurement cycle(s); rotating adapter slot (cycle_seconds=52.1)
[BLE] Monitoring ended for 21:02:02:06:A0:63
[BLE] 21:02:02:06:9F:7F: Phase 2 — isolated single-shot SpO2 measurement (queue_wait=26.1s)
  [JStyle TX] 21:02:02:06:9F:7F HR/Temp stop: 09000000000000000000000000000009
  [JStyle TX] 21:02:02:06:A0:63 HR/Temp stop: 09000000000000000000000000000009
    ⏳ 21:02:02:06:A0:63 disconnecting safely...
  [JStyle] 21:02:02:06:9F:7F: off-wrist confirmation 2/3
[BLE] Persistent scanner started
[BLE] 21:02:02:06:A0:63 disconnected
[BLE] Scanner stopped
[BLE] 21:02:02:06:9F:7F: SpO2 stream started once (waiting for device final result)
  [JStyle TX] 21:02:02:06:9F:7F SpO2 start: 2803010000000000000000000000002c
[BLE] Devices in range: ['2E:1C:B8:CF:AF:06(WearOS BLE=6D:70:CB:26:02:FF name=NA-W-AF06)', '21:02:02:05:F9:DD', '21:02:02:05:FF:9A', '21:02:02:06:9F:20']
[BLE] Persistent scanner started
[BLE] Devices in range: ['2E:1C:B8:CF:AF:06(WearOS BLE=6D:70:CB:26:02:FF name=NA-W-AF06)', '21:02:02:06:A0:F4', '03:02:02:08:29:96', '21:02:02:05:F9:DD', '21:02:02:05:FF:9A', '21:02:02:06:9F:20', '21:02:02:06:A0:63']
[DB] Active devices: 8
[BLE] Devices in range: ['2E:1C:B8:CF:AF:06(WearOS BLE=6D:70:CB:26:02:FF name=NA-W-AF06)', '21:02:02:06:A0:F4', '03:02:02:08:29:96', '21:02:02:05:F9:DD', '21:02:02:05:FF:9A', '21:02:02:06:9F:20', '21:02:02:06:A0:63']
[BLE] Devices in range: ['2E:1C:B8:CF:AF:06(WearOS BLE=6D:70:CB:26:02:FF name=NA-W-AF06)', '21:02:02:06:A0:F4', '03:02:02:08:29:96', '21:02:02:05:F9:DD', '21:02:02:05:FF:9A', '21:02:02:06:9F:20', '21:02:02:06:A0:63']
[BLE] Devices in range: ['2E:1C:B8:CF:AF:06(WearOS BLE=6D:70:CB:26:02:FF name=NA-W-AF06)', '21:02:02:06:A0:F4', '03:02:02:08:29:96', '21:02:02:05:F9:DD', '21:02:02:05:FF:9A', '21:02:02:06:9F:20', '21:02:02:06:A0:63']
[BLE] Devices in range: ['2E:1C:B8:CF:AF:06(WearOS BLE=6D:70:CB:26:02:FF name=NA-W-AF06)', '21:02:02:06:A0:F4', '03:02:02:08:29:96', '21:02:02:05:F9:DD', '21:02:02:05:FF:9A', '21:02:02:06:9F:20', '21:02:02:06:A0:63']
[BLE] Devices in range: ['2E:1C:B8:CF:AF:06(WearOS BLE=6D:70:CB:26:02:FF name=NA-W-AF06)', '21:02:02:06:A0:F4', '03:02:02:08:29:96', '21:02:02:05:F9:DD', '21:02:02:05:FF:9A', '21:02:02:06:9F:20', '21:02:02:06:A0:63']
[BLE] Devices in range: ['2E:1C:B8:CF:AF:06(WearOS BLE=6D:70:CB:26:02:FF name=NA-W-AF06)', '21:02:02:06:A0:F4', '03:02:02:08:29:96', '21:02:02:05:F9:DD', '21:02:02:05:FF:9A', '21:02:02:06:9F:20', '21:02:02:06:A0:63']
{"event":"operational_status","registeredDevices":8,"connectedDevices":1,"discoveredDevices":7,"scannerActive":true,"criticalMeasurement":true,"connectionBudget":3}
[DB] Active devices: 8
[BLE] 21:02:02:06:9F:7F: stable SpO2 window complete
  [JStyle TX] 21:02:02:06:9F:7F SpO2 stop: 2803000000000000000000000000002b
[BLE] 21:02:02:06:9F:7F: SpO2 verified=97% (OK, single stream)
[BLE] 21:02:02:06:9F:7F: completed 1 measurement cycle(s); rotating adapter slot (cycle_seconds=108.9)
[BLE] Monitoring ended for 21:02:02:06:9F:7F
  [JStyle TX] 21:02:02:06:9F:7F HR/Temp stop: 09000000000000000000000000000009
    ⏳ 21:02:02:06:9F:7F disconnecting safely...
[BLE] 21:02:02:06:9F:7F disconnected
[BLE] Devices in range: ['2E:1C:B8:CF:AF:06(WearOS BLE=6D:70:CB:26:02:FF name=NA-W-AF06)', '21:02:02:06:A0:F4', '03:02:02:08:29:96', '21:02:02:05:F9:DD', '21:02:02:05:FF:9A', '21:02:02:06:9F:20', '21:02:02:06:A0:63']
[BLE] Connecting to 21:02:02:06:A0:F4 (BLE=21:02:02:06:A0:F4, name=J2208A 06A0F4, RSSI=-80 dBm)...
[BLE] Connect attempt 1/1 for 21:02:02:06:A0:F4
[BLE] Scanner stopped
[BLE] Connected to 21:02:02:06:A0:F4 (attempt 1)
[BLE] Starting JStyle/iStyle monitoring for 21:02:02:06:A0:F4
[BLE] Persistent scanner started
[BLE] Connecting to 03:02:02:08:29:96 (BLE=03:02:02:08:29:96, name=J2208A 082996, RSSI=-81 dBm)...
[BLE] Connect attempt 1/1 for 03:02:02:08:29:96
[BLE] 21:02:02:06:A0:F4: Phase 1 — HR/Temp stream started (minimum=15s, hard_timeout=35s)
  [JStyle TX] 21:02:02:06:A0:F4 HR/Temp start: 0901000000000000000000000000000a
[BLE] 21:02:02:06:A0:F4: HR/Temp command sent
  [JStyle TX] 21:02:02:06:A0:F4 keepalive: 41000000000000000000000000000041
  [JStyle] 21:02:02:06:A0:F4: off-wrist confirmation 1/3
  [JStyle TX] 21:02:02:06:A0:F4 battery: 13000000000000000000000000000013
[BLE] Scanner stopped
[BLE] 03:02:02:08:29:96 disconnected
[DB] Active devices: 8
[BLE] Connected to 03:02:02:08:29:96 (attempt 1)
[BLE] Starting JStyle/iStyle monitoring for 03:02:02:08:29:96
[BLE] Persistent scanner started
[BLE] 03:02:02:08:29:96: Phase 1 — HR/Temp stream started (minimum=15s, hard_timeout=35s)
  [JStyle TX] 03:02:02:08:29:96 HR/Temp start: 0901000000000000000000000000000a
[BLE] 03:02:02:08:29:96: HR/Temp command sent
  [JStyle TX] 03:02:02:08:29:96 keepalive: 41000000000000000000000000000041
  [JStyle] 03:02:02:08:29:96: off-wrist confirmation 1/3
  [JStyle TX] 03:02:02:08:29:96 battery: 13000000000000000000000000000013
[BLE] Devices in range: ['2E:1C:B8:CF:AF:06(WearOS BLE=6D:70:CB:26:02:FF name=NA-W-AF06)', '21:02:02:05:F9:DD', '21:02:02:05:FF:9A', '21:02:02:06:9F:20', '21:02:02:06:9F:7F', '21:02:02:06:A0:63', '03:02:02:08:29:96']
[BLE] Connecting to 2E:1C:B8:CF:AF:06 (BLE=6D:70:CB:26:02:FF, name=NA-W-AF06, RSSI=-72 dBm)...
[BLE] Connect attempt 1/3 for 2E:1C:B8:CF:AF:06
[BLE] Scanner stopped
[BLE] Connected to 2E:1C:B8:CF:AF:06 (attempt 1)
[BLE] Starting Wear OS monitoring for 2E:1C:B8:CF:AF:06
  [JStyle TX] 21:02:02:06:A0:F4 keepalive: 41000000000000000000000000000041
[WearOS] 2E:1C:B8:CF:AF:06: notify subscribed on 0000b101-0000-1000-8000-00805f9b34fb
[BLE] Devices in range: ['2E:1C:B8:CF:AF:06(WearOS BLE=6D:70:CB:26:02:FF name=NA-W-AF06)', '21:02:02:05:F9:DD', '21:02:02:05:FF:9A', '21:02:02:06:9F:20', '21:02:02:06:9F:7F', '21:02:02:06:A0:63']
[BLE] 21:02:02:06:A0:F4: HR/Temp hard timeout (hr_samples=0, temp_samples=0)
[BLE] 21:02:02:06:A0:F4: waiting for isolated SpO2 measurement slot
[BLE] 21:02:02:06:A0:F4: Phase 2 — isolated single-shot SpO2 measurement (queue_wait=0.0s)
  [JStyle TX] 21:02:02:06:A0:F4 HR/Temp stop: 09000000000000000000000000000009
  [JStyle] 21:02:02:06:A0:F4: off-wrist confirmation 2/3
[BLE] 21:02:02:06:A0:F4: SpO2 stream started once (waiting for device final result)
  [JStyle TX] 21:02:02:06:A0:F4 SpO2 start: 2803010000000000000000000000002c
[BLE] Devices in range: ['2E:1C:B8:CF:AF:06(WearOS BLE=6D:70:CB:26:02:FF name=NA-W-AF06)', '21:02:02:05:F9:DD', '21:02:02:05:FF:9A', '21:02:02:06:9F:20', '21:02:02:06:9F:7F', '21:02:02:06:A0:63']
[BLE] 21:02:02:06:A0:F4: confirmed off-wrist; ending SpO2 early
  [JStyle TX] 21:02:02:06:A0:F4 SpO2 stop: 2803000000000000000000000000002b
[BLE] 21:02:02:06:A0:F4: SpO2 off_wrist after one stream (0 samples)
[BLE] 21:02:02:06:A0:F4: SpO2 did not verify — keeping connection and resuming HR/Temp (count=1)
[BLE] 21:02:02:06:A0:F4: completed 1 measurement cycle(s); rotating adapter slot (cycle_seconds=44.2)
[BLE] Monitoring ended for 21:02:02:06:A0:F4
  [JStyle TX] 21:02:02:06:A0:F4 HR/Temp stop: 09000000000000000000000000000009
    ⏳ 21:02:02:06:A0:F4 disconnecting safely...
[BLE] 21:02:02:06:A0:F4 disconnected
[BLE] Devices in range: ['2E:1C:B8:CF:AF:06(WearOS BLE=6D:70:CB:26:02:FF name=NA-W-AF06)', '21:02:02:05:F9:DD', '21:02:02:05:FF:9A', '21:02:02:06:9F:20', '21:02:02:06:9F:7F', '21:02:02:06:A0:63']
[BLE] Connecting to 21:02:02:05:F9:DD (BLE=21:02:02:05:F9:DD, name=J2208A 05F9DD, RSSI=-74 dBm)...
[BLE] Connect attempt 1/1 for 21:02:02:05:F9:DD
[BLE] Persistent scanner started
{"event":"operational_status","registeredDevices":8,"connectedDevices":2,"discoveredDevices":6,"scannerActive":true,"criticalMeasurement":false,"connectionBudget":3}
[DB] Active devices: 8
[BLE] Scanner stopped
  [JStyle TX] 03:02:02:08:29:96 keepalive: 41000000000000000000000000000041
[BLE] Connected to 21:02:02:05:F9:DD (attempt 1)
[BLE] Starting JStyle/iStyle monitoring for 21:02:02:05:F9:DD
[BLE] 21:02:02:05:F9:DD: Phase 1 — HR/Temp stream started (minimum=15s, hard_timeout=35s)
  [JStyle TX] 21:02:02:05:F9:DD HR/Temp start: 0901000000000000000000000000000a
[BLE] 21:02:02:05:F9:DD: HR/Temp command sent
  [JStyle TX] 21:02:02:05:F9:DD keepalive: 41000000000000000000000000000041
  [JStyle TX] 21:02:02:05:F9:DD battery: 13000000000000000000000000000013
[BLE] Devices in range: ['2E:1C:B8:CF:AF:06(WearOS BLE=6D:70:CB:26:02:FF name=NA-W-AF06)', '21:02:02:05:FF:9A', '21:02:02:06:9F:20', '21:02:02:06:9F:7F', '21:02:02:06:A0:63', '21:02:02:06:A0:F4', '21:02:02:05:F9:DD']
[BLE] 03:02:02:08:29:96: HR/Temp hard timeout (hr_samples=0, temp_samples=0)
[BLE] 03:02:02:08:29:96: waiting for isolated SpO2 measurement slot
[BLE] 03:02:02:08:29:96: Phase 2 — isolated single-shot SpO2 measurement (queue_wait=0.0s)
  [JStyle TX] 03:02:02:08:29:96 HR/Temp stop: 09000000000000000000000000000009
  [JStyle] 03:02:02:08:29:96: off-wrist confirmation 2/3
[BLE] 03:02:02:08:29:96: SpO2 stream started once (waiting for device final result)
  [JStyle TX] 03:02:02:08:29:96 SpO2 start: 2803010000000000000000000000002c
[WearOS] Monitoring ended for 2E:1C:B8:CF:AF:06
[BLE] Devices in range: ['2E:1C:B8:CF:AF:06(WearOS BLE=6D:70:CB:26:02:FF name=NA-W-AF06)', '21:02:02:05:FF:9A', '21:02:02:06:9F:20', '21:02:02:06:9F:7F', '21:02:02:06:A0:63', '21:02:02:06:A0:F4', '21:02:02:05:F9:DD']
[BLE] Devices in range: ['2E:1C:B8:CF:AF:06(WearOS BLE=6D:70:CB:26:02:FF name=NA-W-AF06)', '21:02:02:05:FF:9A', '21:02:02:06:9F:20', '21:02:02:06:9F:7F', '21:02:02:06:A0:63', '21:02:02:06:A0:F4', '21:02:02:05:F9:DD']
    ⚠️ 2E:1C:B8:CF:AF:06: lock acquire error: 
[BLE] Devices in range: ['2E:1C:B8:CF:AF:06(WearOS BLE=6D:70:CB:26:02:FF name=NA-W-AF06)', '21:02:02:05:FF:9A', '21:02:02:06:9F:20', '21:02:02:06:9F:7F', '21:02:02:06:A0:63', '21:02:02:06:A0:F4', '21:02:02:05:F9:DD']
[DB] Active devices: 8
[BLE] Devices in range: ['21:02:02:05:FF:9A', '21:02:02:06:9F:20', '21:02:02:06:9F:7F', '21:02:02:06:A0:63', '21:02:02:06:A0:F4', '21:02:02:05:F9:DD']
[BLE] Persistent scanner started
[BLE] Devices in range: ['2E:1C:B8:CF:AF:06(WearOS BLE=6D:70:CB:26:02:FF name=NA-W-AF06)', '21:02:02:05:FF:9A', '21:02:02:06:9F:20', '21:02:02:06:9F:7F', '21:02:02:06:A0:F4']
  [JStyle TX] 21:02:02:05:F9:DD keepalive: 41000000000000000000000000000041
[BLE] Devices in range: ['2E:1C:B8:CF:AF:06(WearOS BLE=6D:70:CB:26:02:FF name=NA-W-AF06)', '21:02:02:05:FF:9A', '21:02:02:06:9F:20', '21:02:02:06:9F:7F', '21:02:02:06:A0:63', '21:02:02:06:A0:F4']
[BLE] 21:02:02:05:F9:DD: HR/Temp hard timeout (hr_samples=0, temp_samples=0)
[BLE] 21:02:02:05:F9:DD: Skipping SpO2 phase because device is explicitly off-wrist
[BLE] 21:02:02:05:F9:DD: SpO2 did not verify — keeping connection and resuming HR/Temp (count=2)
[BLE] 21:02:02:05:F9:DD: completed 1 measurement cycle(s); rotating adapter slot (cycle_seconds=37.5)
[BLE] Monitoring ended for 21:02:02:05:F9:DD
[BLE] Devices in range: ['2E:1C:B8:CF:AF:06(WearOS BLE=6D:70:CB:26:02:FF name=NA-W-AF06)', '21:02:02:05:FF:9A', '21:02:02:06:9F:20', '21:02:02:06:9F:7F', '21:02:02:06:A0:63', '21:02:02:06:A0:F4']
[BLE] Devices in range: ['2E:1C:B8:CF:AF:06(WearOS BLE=6D:70:CB:26:02:FF name=NA-W-AF06)', '21:02:02:05:FF:9A', '21:02:02:06:9F:20', '21:02:02:06:9F:7F', '21:02:02:06:A0:63', '21:02:02:06:A0:F4']
    ⚠️ 21:02:02:05:F9:DD: lock acquire error: 
  [JStyle TX] 21:02:02:05:F9:DD HR/Temp stop: 09000000000000000000000000000009
    ⏳ 21:02:02:05:F9:DD disconnecting safely...
[BLE] 21:02:02:05:F9:DD disconnected
[BLE] Devices in range: ['2E:1C:B8:CF:AF:06(WearOS BLE=6D:70:CB:26:02:FF name=NA-W-AF06)', '21:02:02:05:FF:9A', '21:02:02:06:9F:20', '21:02:02:06:9F:7F', '21:02:02:06:A0:63', '21:02:02:06:A0:F4']
  [JStyle TX] 03:02:02:08:29:96 SpO2 stop: 2803000000000000000000000000002b
[BLE] 03:02:02:08:29:96: SpO2 timeout after one stream (0 samples)
[BLE] 03:02:02:08:29:96: SpO2 did not verify — keeping connection and resuming HR/Temp (count=2)
[BLE] 03:02:02:08:29:96: completed 1 measurement cycle(s); rotating adapter slot (cycle_seconds=86.1)
[BLE] Monitoring ended for 03:02:02:08:29:96
  [JStyle TX] 03:02:02:08:29:96 HR/Temp stop: 09000000000000000000000000000009
    ⏳ 03:02:02:08:29:96 disconnecting safely...
{"event":"operational_status","registeredDevices":8,"connectedDevices":1,"discoveredDevices":7,"scannerActive":true,"criticalMeasurement":false,"connectionBudget":3}
[DB] Active devices: 8
[BLE] Devices in range: ['2E:1C:B8:CF:AF:06(WearOS BLE=6D:70:CB:26:02:FF name=NA-W-AF06)', '21:02:02:05:FF:9A', '21:02:02:06:9F:20', '21:02:02:06:9F:7F', '21:02:02:06:A0:63', '21:02:02:06:A0:F4', '21:02:02:05:F9:DD']
[BLE] Connecting to 21:02:02:05:FF:9A (BLE=21:02:02:05:FF:9A, name=J2208A 05FF9A, RSSI=-69 dBm)...
[BLE] Connect attempt 1/1 for 21:02:02:05:FF:9A
[BLE] Scanner stopped
[BLE] 03:02:02:08:29:96 disconnected
[BLE] Connected to 21:02:02:05:FF:9A (attempt 1)
[BLE] Starting JStyle/iStyle monitoring for 21:02:02:05:FF:9A
[BLE] Persistent scanner started
[BLE] Connecting to 21:02:02:06:9F:20 (BLE=21:02:02:06:9F:20, name=J2208A 069F20, RSSI=-67 dBm)...
[BLE] Connect attempt 1/1 for 21:02:02:06:9F:20
[BLE] Scanner stopped
[BLE] 21:02:02:05:FF:9A: Phase 1 — HR/Temp stream started (minimum=15s, hard_timeout=35s)
  [JStyle TX] 21:02:02:05:FF:9A HR/Temp start: 0901000000000000000000000000000a
[BLE] 21:02:02:05:FF:9A: HR/Temp command sent
  [JStyle TX] 21:02:02:05:FF:9A keepalive: 41000000000000000000000000000041
  [JStyle TX] 21:02:02:05:FF:9A battery: 13000000000000000000000000000013
[BLE] Connected to 21:02:02:06:9F:20 (attempt 1)
[BLE] Starting JStyle/iStyle monitoring for 21:02:02:06:9F:20
[BLE] Persistent scanner started
[BLE] 21:02:02:06:9F:20: Phase 1 — HR/Temp stream started (minimum=15s, hard_timeout=35s)
  [JStyle TX] 21:02:02:06:9F:20 HR/Temp start: 0901000000000000000000000000000a
[BLE] 21:02:02:06:9F:20: HR/Temp command sent
  [JStyle TX] 21:02:02:06:9F:20 keepalive: 41000000000000000000000000000041
  [JStyle TX] 21:02:02:06:9F:20 battery: 13000000000000000000000000000013
[BLE] Devices in range: ['2E:1C:B8:CF:AF:06(WearOS BLE=6D:70:CB:26:02:FF name=NA-W-AF06)', '21:02:02:06:9F:7F', '21:02:02:06:A0:63', '21:02:02:06:A0:F4', '03:02:02:08:29:96', '21:02:02:05:F9:DD', '21:02:02:05:FF:9A', '21:02:02:06:9F:20']
[BLE] Devices in range: ['2E:1C:B8:CF:AF:06(WearOS BLE=6D:70:CB:26:02:FF name=NA-W-AF06)', '21:02:02:06:9F:7F', '21:02:02:06:A0:63', '21:02:02:06:A0:F4', '03:02:02:08:29:96', '21:02:02:05:F9:DD', '21:02:02:05:FF:9A', '21:02:02:06:9F:20']
[BLE] Devices in range: ['2E:1C:B8:CF:AF:06(WearOS BLE=6D:70:CB:26:02:FF name=NA-W-AF06)', '21:02:02:06:9F:7F', '21:02:02:06:A0:63', '21:02:02:06:A0:F4', '03:02:02:08:29:96', '21:02:02:05:F9:DD', '21:02:02:06:9F:20']
[BLE] Connecting to 2E:1C:B8:CF:AF:06 (BLE=6D:70:CB:26:02:FF, name=NA-W-AF06, RSSI=-72 dBm)...
[BLE] Connect attempt 1/3 for 2E:1C:B8:CF:AF:06
[BLE] Scanner stopped
[BLE] Connected to 2E:1C:B8:CF:AF:06 (attempt 1)
[BLE] Starting Wear OS monitoring for 2E:1C:B8:CF:AF:06
[WearOS] 2E:1C:B8:CF:AF:06: notify subscribed on 0000b101-0000-1000-8000-00805f9b34fb
[DB] Active devices: 8
[BLE] Devices in range: ['2E:1C:B8:CF:AF:06(WearOS BLE=6D:70:CB:26:02:FF name=NA-W-AF06)', '21:02:02:06:A0:63', '21:02:02:06:A0:F4', '03:02:02:08:29:96', '21:02:02:05:F9:DD', '21:02:02:06:9F:20']
  [JStyle TX] 21:02:02:05:FF:9A keepalive: 41000000000000000000000000000041
[BLE] Devices in range: ['2E:1C:B8:CF:AF:06(WearOS BLE=6D:70:CB:26:02:FF name=NA-W-AF06)', '21:02:02:06:A0:63', '21:02:02:06:A0:F4', '03:02:02:08:29:96', '21:02:02:05:F9:DD']
  [JStyle TX] 21:02:02:06:9F:20 keepalive: 41000000000000000000000000000041
[BLE] 21:02:02:05:FF:9A: HR/Temp hard timeout (hr_samples=0, temp_samples=0)
[BLE] 21:02:02:05:FF:9A: Skipping SpO2 phase because device is explicitly off-wrist
[BLE] 21:02:02:05:FF:9A: SpO2 did not verify — keeping connection and resuming HR/Temp (count=2)
[BLE] 21:02:02:05:FF:9A: completed 1 measurement cycle(s); rotating adapter slot (cycle_seconds=37.7)
[BLE] Monitoring ended for 21:02:02:05:FF:9A
  [JStyle TX] 21:02:02:05:FF:9A HR/Temp stop: 09000000000000000000000000000009
    ⏳ 21:02:02:05:FF:9A disconnecting safely...
[BLE] Devices in range: ['2E:1C:B8:CF:AF:06(WearOS BLE=6D:70:CB:26:02:FF name=NA-W-AF06)', '21:02:02:06:A0:63', '21:02:02:06:A0:F4', '03:02:02:08:29:96', '21:02:02:05:F9:DD']
[BLE] 21:02:02:05:FF:9A disconnected
[BLE] 21:02:02:06:9F:20: HR/Temp hard timeout (hr_samples=0, temp_samples=0)
[BLE] 21:02:02:06:9F:20: Skipping SpO2 phase because device is explicitly off-wrist
[BLE] 21:02:02:06:9F:20: SpO2 did not verify — keeping connection and resuming HR/Temp (count=2)
[BLE] 21:02:02:06:9F:20: completed 1 measurement cycle(s); rotating adapter slot (cycle_seconds=37.6)
[BLE] Monitoring ended for 21:02:02:06:9F:20
  [JStyle TX] 21:02:02:06:9F:20 HR/Temp stop: 09000000000000000000000000000009
    ⏳ 21:02:02:06:9F:20 disconnecting safely...
[BLE] Devices in range: ['2E:1C:B8:CF:AF:06(WearOS BLE=6D:70:CB:26:02:FF name=NA-W-AF06)', '21:02:02:06:A0:63', '21:02:02:06:A0:F4', '03:02:02:08:29:96', '21:02:02:05:F9:DD']
[BLE] Connecting to 21:02:02:06:A0:63 (BLE=21:02:02:06:A0:63, name=J2208A 06A063, RSSI=-71 dBm)...
[BLE] Connect attempt 1/1 for 21:02:02:06:A0:63
[BLE] Persistent scanner started
[BLE] 21:02:02:06:9F:20 disconnected
[BLE] Scanner stopped
[BLE] 21:02:02:06:A0:63 disconnected
{"event":"operational_status","registeredDevices":8,"connectedDevices":1,"discoveredDevices":6,"scannerActive":false,"criticalMeasurement":false,"connectionBudget":3}
[DB] Active devices: 8
[BLE] Connected to 21:02:02:06:A0:63 (attempt 1)
[BLE] Starting JStyle/iStyle monitoring for 21:02:02:06:A0:63
[BLE] Persistent scanner started
[WearOS] Monitoring ended for 2E:1C:B8:CF:AF:06
[BLE] Connecting to 21:02:02:06:A0:F4 (BLE=21:02:02:06:A0:F4, name=J2208A 06A0F4, RSSI=-75 dBm)...
[BLE] Connect attempt 1/1 for 21:02:02:06:A0:F4
[BLE] Scanner stopped
[BLE] 21:02:02:06:A0:63: Phase 1 — HR/Temp stream started (minimum=15s, hard_timeout=35s)
  [JStyle TX] 21:02:02:06:A0:63 HR/Temp start: 0901000000000000000000000000000a
[BLE] 21:02:02:06:A0:63: HR/Temp command sent
  [JStyle TX] 21:02:02:06:A0:63 keepalive: 41000000000000000000000000000041
  [JStyle TX] 21:02:02:06:A0:63 battery: 13000000000000000000000000000013
[BLE] Connected to 21:02:02:06:A0:F4 (attempt 1)
[BLE] Starting JStyle/iStyle monitoring for 21:02:02:06:A0:F4
[BLE] Persistent scanner started
[BLE] 21:02:02:06:A0:F4: Phase 1 — HR/Temp stream started (minimum=15s, hard_timeout=35s)
  [JStyle TX] 21:02:02:06:A0:F4 HR/Temp start: 0901000000000000000000000000000a
[BLE] 21:02:02:06:A0:F4: HR/Temp command sent
  [JStyle TX] 21:02:02:06:A0:F4 keepalive: 41000000000000000000000000000041
  [JStyle TX] 21:02:02:06:A0:F4 battery: 13000000000000000000000000000013
[BLE] Devices in range: ['2E:1C:B8:CF:AF:06(WearOS BLE=6D:70:CB:26:02:FF name=NA-W-AF06)', '03:02:02:08:29:96', '21:02:02:05:F9:DD', '21:02:02:05:FF:9A', '21:02:02:06:9F:20', '21:02:02:06:A0:63', '21:02:02:06:A0:F4']
[BLE] Devices in range: ['2E:1C:B8:CF:AF:06(WearOS BLE=6D:70:CB:26:02:FF name=NA-W-AF06)', '21:02:02:06:9F:7F', '03:02:02:08:29:96', '21:02:02:05:F9:DD', '21:02:02:05:FF:9A', '21:02:02:06:9F:20', '21:02:02:06:A0:63', '21:02:02:06:A0:F4']
[BLE] Devices in range: ['2E:1C:B8:CF:AF:06(WearOS BLE=6D:70:CB:26:02:FF name=NA-W-AF06)', '21:02:02:06:9F:7F', '03:02:02:08:29:96', '21:02:02:05:F9:DD', '21:02:02:05:FF:9A', '21:02:02:06:9F:20', '21:02:02:06:A0:63', '21:02:02:06:A0:F4']
[BLE] Devices in range: ['2E:1C:B8:CF:AF:06(WearOS BLE=6D:70:CB:26:02:FF name=NA-W-AF06)', '21:02:02:06:9F:7F', '03:02:02:08:29:96', '21:02:02:05:F9:DD', '21:02:02:05:FF:9A', '21:02:02:06:9F:20', '21:02:02:06:A0:F4']
[DB] Active devices: 8
[BLE] Devices in range: ['2E:1C:B8:CF:AF:06(WearOS BLE=6D:70:CB:26:02:FF name=NA-W-AF06)', '21:02:02:06:9F:7F', '03:02:02:08:29:96', '21:02:02:05:F9:DD', '21:02:02:05:FF:9A', '21:02:02:06:9F:20']
  [JStyle TX] 21:02:02:06:A0:63 keepalive: 41000000000000000000000000000041
[BLE] Devices in range: ['2E:1C:B8:CF:AF:06(WearOS BLE=6D:70:CB:26:02:FF name=NA-W-AF06)', '21:02:02:06:9F:7F', '03:02:02:08:29:96', '21:02:02:05:F9:DD', '21:02:02:05:FF:9A', '21:02:02:06:9F:20']
  [JStyle TX] 21:02:02:06:A0:F4 keepalive: 41000000000000000000000000000041
[BLE] 21:02:02:06:A0:63: HR/Temp hard timeout (hr_samples=1, temp_samples=1)
[BLE] 21:02:02:06:A0:63: waiting for isolated SpO2 measurement slot
[BLE] 21:02:02:06:A0:63: Phase 2 — isolated single-shot SpO2 measurement (queue_wait=0.0s)
  [JStyle TX] 21:02:02:06:A0:63 HR/Temp stop: 09000000000000000000000000000009
[BLE] Devices in range: ['2E:1C:B8:CF:AF:06(WearOS BLE=6D:70:CB:26:02:FF name=NA-W-AF06)', '21:02:02:06:9F:7F', '03:02:02:08:29:96', '21:02:02:05:F9:DD', '21:02:02:05:FF:9A', '21:02:02:06:9F:20']
[BLE] Scanner stopped
[BLE] 21:02:02:06:A0:63: SpO2 stream started once (waiting for device final result)
  [JStyle TX] 21:02:02:06:A0:63 SpO2 start: 2803010000000000000000000000002c
[BLE] 21:02:02:06:A0:F4: HR/Temp hard timeout (hr_samples=0, temp_samples=0)
[BLE] 21:02:02:06:A0:F4: Skipping SpO2 phase because device is explicitly off-wrist
[BLE] 21:02:02:06:A0:F4: SpO2 did not verify — keeping connection and resuming HR/Temp (count=2)
[BLE] 21:02:02:06:A0:F4: completed 1 measurement cycle(s); rotating adapter slot (cycle_seconds=37.8)
[BLE] Monitoring ended for 21:02:02:06:A0:F4
[BLE] Devices in range: ['2E:1C:B8:CF:AF:06(WearOS BLE=6D:70:CB:26:02:FF name=NA-W-AF06)', '21:02:02:06:9F:7F', '03:02:02:08:29:96', '21:02:02:05:F9:DD', '21:02:02:05:FF:9A', '21:02:02:06:9F:20']
[BLE] Persistent scanner started
[BLE] Devices in range: ['2E:1C:B8:CF:AF:06(WearOS BLE=6D:70:CB:26:02:FF name=NA-W-AF06)', '21:02:02:06:9F:7F', '03:02:02:08:29:96', '21:02:02:05:F9:DD', '21:02:02:05:FF:9A', '21:02:02:06:9F:20']
    ⚠️ 21:02:02:06:A0:F4: lock acquire error: 
  [JStyle TX] 21:02:02:06:A0:F4 HR/Temp stop: 09000000000000000000000000000009
    ⏳ 21:02:02:06:A0:F4 disconnecting safely...
[BLE] 21:02:02:06:A0:F4 disconnected
[BLE] Devices in range: ['2E:1C:B8:CF:AF:06(WearOS BLE=6D:70:CB:26:02:FF name=NA-W-AF06)', '21:02:02:06:9F:7F', '03:02:02:08:29:96', '21:02:02:05:F9:DD', '21:02:02:05:FF:9A', '21:02:02:06:9F:20']
{"event":"operational_status","registeredDevices":8,"connectedDevices":1,"discoveredDevices":6,"scannerActive":true,"criticalMeasurement":true,"connectionBudget":3}
[DB] Active devices: 8
[BLE] Devices in range: ['2E:1C:B8:CF:AF:06(WearOS BLE=6D:70:CB:26:02:FF name=NA-W-AF06)', '21:02:02:06:9F:7F', '03:02:02:08:29:96', '21:02:02:05:F9:DD', '21:02:02:05:FF:9A', '21:02:02:06:9F:20']
[BLE] Devices in range: ['2E:1C:B8:CF:AF:06(WearOS BLE=6D:70:CB:26:02:FF name=NA-W-AF06)', '21:02:02:06:9F:7F', '03:02:02:08:29:96', '21:02:02:05:F9:DD', '21:02:02:05:FF:9A', '21:02:02:06:9F:20', '21:02:02:06:A0:F4']
[BLE] Devices in range: ['2E:1C:B8:CF:AF:06(WearOS BLE=6D:70:CB:26:02:FF name=NA-W-AF06)', '21:02:02:06:9F:7F', '03:02:02:08:29:96', '21:02:02:05:F9:DD', '21:02:02:05:FF:9A', '21:02:02:06:9F:20', '21:02:02:06:A0:F4']
[BLE] Devices in range: ['2E:1C:B8:CF:AF:06(WearOS BLE=6D:70:CB:26:02:FF name=NA-W-AF06)', '21:02:02:06:9F:7F', '03:02:02:08:29:96', '21:02:02:05:F9:DD', '21:02:02:05:FF:9A', '21:02:02:06:9F:20', '21:02:02:06:A0:F4']
[BLE] Devices in range: ['2E:1C:B8:CF:AF:06(WearOS BLE=6D:70:CB:26:02:FF name=NA-W-AF06)', '21:02:02:06:9F:7F', '03:02:02:08:29:96', '21:02:02:05:F9:DD', '21:02:02:05:FF:9A', '21:02:02:06:9F:20', '21:02:02:06:A0:F4']
[BLE] 21:02:02:06:A0:63: stable SpO2 window complete
  [JStyle TX] 21:02:02:06:A0:63 SpO2 stop: 2803000000000000000000000000002b
[BLE] 21:02:02:06:A0:63: SpO2 verified=96% (OK, single stream)
[BLE] 21:02:02:06:A0:63: completed 1 measurement cycle(s); rotating adapter slot (cycle_seconds=83.3)
[BLE] Monitoring ended for 21:02:02:06:A0:63
  [JStyle TX] 21:02:02:06:A0:63 HR/Temp stop: 09000000000000000000000000000009
    ⏳ 21:02:02:06:A0:63 disconnecting safely...
[BLE] Devices in range: ['2E:1C:B8:CF:AF:06(WearOS BLE=6D:70:CB:26:02:FF name=NA-W-AF06)', '21:02:02:06:9F:7F', '03:02:02:08:29:96', '21:02:02:05:F9:DD', '21:02:02:05:FF:9A', '21:02:02:06:9F:20', '21:02:02:06:A0:F4']
[BLE] Connecting to 2E:1C:B8:CF:AF:06 (BLE=6D:70:CB:26:02:FF, name=NA-W-AF06, RSSI=-74 dBm)...
[BLE] Connect attempt 1/3 for 2E:1C:B8:CF:AF:06
[BLE] 21:02:02:06:A0:63 disconnected
[BLE] Scanner stopped
[DB] Active devices: 8
[BLE] Connected to 2E:1C:B8:CF:AF:06 (attempt 1)
[BLE] Starting Wear OS monitoring for 2E:1C:B8:CF:AF:06
[WearOS] 2E:1C:B8:CF:AF:06: notify subscribed on 0000b101-0000-1000-8000-00805f9b34fb
[BLE] Persistent scanner started
[BLE] Connecting to 21:02:02:06:9F:7F (BLE=21:02:02:06:9F:7F, name=J2208A 069F7F, RSSI=-78 dBm)...
[BLE] Connect attempt 1/1 for 21:02:02:06:9F:7F
[BLE] Scanner stopped
[BLE] 21:02:02:06:9F:7F disconnected
[BLE] Connected to 21:02:02:06:9F:7F (attempt 1)
[BLE] Starting JStyle/iStyle monitoring for 21:02:02:06:9F:7F
[BLE] Persistent scanner started
[BLE] Connecting to 03:02:02:08:29:96 (BLE=03:02:02:08:29:96, name=J2208A 082996, RSSI=-72 dBm)...
[BLE] Connect attempt 1/1 for 03:02:02:08:29:96
[BLE] 21:02:02:06:9F:7F: Phase 1 — HR/Temp stream started (minimum=15s, hard_timeout=35s)
  [JStyle TX] 21:02:02:06:9F:7F HR/Temp start: 0901000000000000000000000000000a
[BLE] 21:02:02:06:9F:7F: HR/Temp command sent
  [JStyle TX] 21:02:02:06:9F:7F keepalive: 41000000000000000000000000000041
  [JStyle] 21:02:02:06:9F:7F: off-wrist confirmation 1/3
  [JStyle TX] 21:02:02:06:9F:7F battery: 13000000000000000000000000000013
[BLE] Scanner stopped
[BLE] 03:02:02:08:29:96 disconnected
{"event":"operational_status","registeredDevices":8,"connectedDevices":2,"discoveredDevices":8,"scannerActive":false,"criticalMeasurement":false,"connectionBudget":3}
[BLE] Connected to 03:02:02:08:29:96 (attempt 1)
[BLE] Starting JStyle/iStyle monitoring for 03:02:02:08:29:96
[DB] Active devices: 8
[WearOS] Monitoring ended for 2E:1C:B8:CF:AF:06
[BLE] 03:02:02:08:29:96: Phase 1 — HR/Temp stream started (minimum=15s, hard_timeout=35s)
  [JStyle TX] 03:02:02:08:29:96 HR/Temp start: 0901000000000000000000000000000a
[BLE] 03:02:02:08:29:96: HR/Temp command sent
  [JStyle TX] 03:02:02:08:29:96 keepalive: 41000000000000000000000000000041
  [JStyle] 03:02:02:08:29:96: off-wrist confirmation 1/3
  [JStyle TX] 03:02:02:08:29:96 battery: 13000000000000000000000000000013
[BLE] Devices in range: ['21:02:02:06:9F:20', '03:02:02:08:29:96']
[BLE] Persistent scanner started
[BLE] Devices in range: ['2E:1C:B8:CF:AF:06(WearOS BLE=6D:70:CB:26:02:FF name=NA-W-AF06)', '21:02:02:05:F9:DD', '21:02:02:05:FF:9A', '21:02:02:06:9F:20', '21:02:02:06:A0:F4', '03:02:02:08:29:96']
[BLE] Devices in range: ['2E:1C:B8:CF:AF:06(WearOS BLE=6D:70:CB:26:02:FF name=NA-W-AF06)', '21:02:02:05:F9:DD', '21:02:02:05:FF:9A', '21:02:02:06:9F:20', '21:02:02:06:A0:63', '21:02:02:06:A0:F4', '03:02:02:08:29:96']
  [JStyle TX] 21:02:02:06:9F:7F keepalive: 41000000000000000000000000000041
[BLE] Devices in range: ['2E:1C:B8:CF:AF:06(WearOS BLE=6D:70:CB:26:02:FF name=NA-W-AF06)', '21:02:02:05:F9:DD', '21:02:02:05:FF:9A', '21:02:02:06:9F:20', '21:02:02:06:A0:63', '21:02:02:06:A0:F4']
[BLE] 21:02:02:06:9F:7F: HR/Temp hard timeout (hr_samples=0, temp_samples=0)
[BLE] 21:02:02:06:9F:7F: waiting for isolated SpO2 measurement slot
[BLE] 21:02:02:06:9F:7F: Phase 2 — isolated single-shot SpO2 measurement (queue_wait=0.0s)
  [JStyle TX] 21:02:02:06:9F:7F HR/Temp stop: 09000000000000000000000000000009
  [JStyle] 21:02:02:06:9F:7F: off-wrist confirmation 2/3
[BLE] Scanner stopped
[BLE] 21:02:02:06:9F:7F: SpO2 stream started once (waiting for device final result)
  [JStyle TX] 21:02:02:06:9F:7F SpO2 start: 2803010000000000000000000000002c
[BLE] Devices in range: ['2E:1C:B8:CF:AF:06(WearOS BLE=6D:70:CB:26:02:FF name=NA-W-AF06)', '21:02:02:05:F9:DD', '21:02:02:05:FF:9A', '21:02:02:06:9F:20', '21:02:02:06:A0:63', '21:02:02:06:A0:F4']
[BLE] Persistent scanner started
[BLE] Devices in range: ['2E:1C:B8:CF:AF:06(WearOS BLE=6D:70:CB:26:02:FF name=NA-W-AF06)', '21:02:02:05:F9:DD', '21:02:02:05:FF:9A', '21:02:02:06:9F:20', '21:02:02:06:A0:63', '21:02:02:06:A0:F4']
[DB] Active devices: 8
  [JStyle TX] 03:02:02:08:29:96 keepalive: 41000000000000000000000000000041
[BLE] Devices in range: ['2E:1C:B8:CF:AF:06(WearOS BLE=6D:70:CB:26:02:FF name=NA-W-AF06)', '21:02:02:05:F9:DD', '21:02:02:05:FF:9A', '21:02:02:06:9F:20', '21:02:02:06:A0:63', '21:02:02:06:A0:F4']
[BLE] 03:02:02:08:29:96: HR/Temp hard timeout (hr_samples=0, temp_samples=0)
[BLE] 03:02:02:08:29:96: waiting for isolated SpO2 measurement slot
[BLE] Devices in range: ['2E:1C:B8:CF:AF:06(WearOS BLE=6D:70:CB:26:02:FF name=NA-W-AF06)', '21:02:02:05:F9:DD', '21:02:02:05:FF:9A', '21:02:02:06:9F:20', '21:02:02:06:A0:63', '21:02:02:06:A0:F4']
[BLE] Devices in range: ['2E:1C:B8:CF:AF:06(WearOS BLE=6D:70:CB:26:02:FF name=NA-W-AF06)', '21:02:02:05:F9:DD', '21:02:02:05:FF:9A', '21:02:02:06:9F:20', '21:02:02:06:A0:63', '21:02:02:06:A0:F4']
[BLE] Devices in range: ['2E:1C:B8:CF:AF:06(WearOS BLE=6D:70:CB:26:02:FF name=NA-W-AF06)', '21:02:02:05:F9:DD', '21:02:02:05:FF:9A', '21:02:02:06:9F:20', '21:02:02:06:A0:63', '21:02:02:06:A0:F4']
[BLE] Devices in range: ['2E:1C:B8:CF:AF:06(WearOS BLE=6D:70:CB:26:02:FF name=NA-W-AF06)', '21:02:02:05:F9:DD', '21:02:02:05:FF:9A', '21:02:02:06:9F:20', '21:02:02:06:A0:63', '21:02:02:06:A0:F4']
[BLE] 21:02:02:06:9F:7F: stable SpO2 window complete
  [JStyle TX] 21:02:02:06:9F:7F SpO2 stop: 2803000000000000000000000000002b
[BLE] 21:02:02:06:9F:7F: SpO2 verified=97% (OK, single stream)
[BLE] 21:02:02:06:9F:7F: completed 1 measurement cycle(s); rotating adapter slot (cycle_seconds=75.0)
[BLE] Monitoring ended for 21:02:02:06:9F:7F
[BLE] 03:02:02:08:29:96: Phase 2 — isolated single-shot SpO2 measurement (queue_wait=20.5s)
  [JStyle TX] 03:02:02:08:29:96 HR/Temp stop: 09000000000000000000000000000009
  [JStyle TX] 21:02:02:06:9F:7F HR/Temp stop: 09000000000000000000000000000009
    ⏳ 21:02:02:06:9F:7F disconnecting safely...
  [JStyle] 03:02:02:08:29:96: off-wrist confirmation 2/3
{"event":"operational_status","registeredDevices":8,"connectedDevices":2,"discoveredDevices":6,"scannerActive":true,"criticalMeasurement":true,"connectionBudget":3}
[BLE] Devices in range: ['2E:1C:B8:CF:AF:06(WearOS BLE=6D:70:CB:26:02:FF name=NA-W-AF06)', '21:02:02:05:F9:DD', '21:02:02:05:FF:9A', '21:02:02:06:9F:20', '21:02:02:06:A0:63', '21:02:02:06:A0:F4']
[DB] Active devices: 8
[BLE] 21:02:02:06:9F:7F disconnected
[BLE] Scanner stopped
[BLE] 03:02:02:08:29:96: SpO2 stream started once (waiting for device final result)
  [JStyle TX] 03:02:02:08:29:96 SpO2 start: 2803010000000000000000000000002c
[BLE] Devices in range: ['2E:1C:B8:CF:AF:06(WearOS BLE=6D:70:CB:26:02:FF name=NA-W-AF06)', '21:02:02:05:F9:DD', '21:02:02:05:FF:9A', '21:02:02:06:9F:20', '21:02:02:06:A0:63', '21:02:02:06:A0:F4']
[BLE] Persistent scanner started
[BLE] Devices in range: ['2E:1C:B8:CF:AF:06(WearOS BLE=6D:70:CB:26:02:FF name=NA-W-AF06)', '21:02:02:05:F9:DD', '21:02:02:05:FF:9A', '21:02:02:06:9F:20', '21:02:02:06:A0:63', '21:02:02:06:A0:F4', '21:02:02:06:9F:7F']
[BLE] Devices in range: ['2E:1C:B8:CF:AF:06(WearOS BLE=6D:70:CB:26:02:FF name=NA-W-AF06)', '21:02:02:05:F9:DD', '21:02:02:05:FF:9A', '21:02:02:06:9F:20', '21:02:02:06:A0:63', '21:02:02:06:A0:F4', '21:02:02:06:9F:7F']
[BLE] Devices in range: ['2E:1C:B8:CF:AF:06(WearOS BLE=6D:70:CB:26:02:FF name=NA-W-AF06)', '21:02:02:05:F9:DD', '21:02:02:05:FF:9A', '21:02:02:06:9F:20', '21:02:02:06:A0:63', '21:02:02:06:A0:F4', '21:02:02:06:9F:7F']
[BLE] Devices in range: ['2E:1C:B8:CF:AF:06(WearOS BLE=6D:70:CB:26:02:FF name=NA-W-AF06)', '21:02:02:05:F9:DD', '21:02:02:05:FF:9A', '21:02:02:06:9F:20', '21:02:02:06:A0:63', '21:02:02:06:A0:F4', '21:02:02:06:9F:7F']
[BLE] 03:02:02:08:29:96: stable SpO2 window complete
  [JStyle TX] 03:02:02:08:29:96 SpO2 stop: 2803000000000000000000000000002b
[BLE] 03:02:02:08:29:96: SpO2 verified=95% (OK, single stream)
[BLE] 03:02:02:08:29:96: completed 1 measurement cycle(s); rotating adapter slot (cycle_seconds=86.8)
[BLE] Monitoring ended for 03:02:02:08:29:96
  [JStyle TX] 03:02:02:08:29:96 HR/Temp stop: 09000000000000000000000000000009
    ⏳ 03:02:02:08:29:96 disconnecting safely...
[BLE] 03:02:02:08:29:96 disconnected
[BLE] Devices in range: ['2E:1C:B8:CF:AF:06(WearOS BLE=6D:70:CB:26:02:FF name=NA-W-AF06)', '21:02:02:05:F9:DD', '21:02:02:05:FF:9A', '21:02:02:06:9F:20', '21:02:02:06:A0:63', '21:02:02:06:A0:F4', '21:02:02:06:9F:7F']
[BLE] Connecting to 2E:1C:B8:CF:AF:06 (BLE=6D:70:CB:26:02:FF, name=NA-W-AF06, RSSI=-77 dBm)...
[BLE] Connect attempt 1/3 for 2E:1C:B8:CF:AF:06
[DB] Active devices: 8
[BLE] Scanner stopped
[BLE] Connected to 2E:1C:B8:CF:AF:06 (attempt 1)
[BLE] Starting Wear OS monitoring for 2E:1C:B8:CF:AF:06
[WearOS] 2E:1C:B8:CF:AF:06: notify subscribed on 0000b101-0000-1000-8000-00805f9b34fb
[BLE] Persistent scanner started
[BLE] Connecting to 21:02:02:05:F9:DD (BLE=21:02:02:05:F9:DD, name=J2208A 05F9DD, RSSI=-73 dBm)...
[BLE] Connect attempt 1/1 for 21:02:02:05:F9:DD
[BLE] Scanner stopped
[BLE] Connected to 21:02:02:05:F9:DD (attempt 1)
[BLE] Starting JStyle/iStyle monitoring for 21:02:02:05:F9:DD
[BLE] Persistent scanner started
[BLE] Connecting to 21:02:02:05:FF:9A (BLE=21:02:02:05:FF:9A, name=J2208A 05FF9A, RSSI=-74 dBm)...
[BLE] Connect attempt 1/1 for 21:02:02:05:FF:9A
[BLE] 21:02:02:05:F9:DD: Phase 1 — HR/Temp stream started (minimum=15s, hard_timeout=35s)
  [JStyle TX] 21:02:02:05:F9:DD HR/Temp start: 0901000000000000000000000000000a
[BLE] 21:02:02:05:F9:DD: HR/Temp command sent
  [JStyle TX] 21:02:02:05:F9:DD keepalive: 41000000000000000000000000000041
  [JStyle TX] 21:02:02:05:F9:DD battery: 13000000000000000000000000000013
[BLE] Scanner stopped
{"event":"operational_status","registeredDevices":8,"connectedDevices":2,"discoveredDevices":8,"scannerActive":false,"criticalMeasurement":false,"connectionBudget":3}
[DB] Active devices: 8
[WearOS] Monitoring ended for 2E:1C:B8:CF:AF:06
[BLE] Connected to 21:02:02:05:FF:9A (attempt 1)
[BLE] Starting JStyle/iStyle monitoring for 21:02:02:05:FF:9A
[BLE] 21:02:02:05:FF:9A: Phase 1 — HR/Temp stream started (minimum=15s, hard_timeout=35s)
  [JStyle TX] 21:02:02:05:FF:9A HR/Temp start: 0901000000000000000000000000000a
[BLE] 21:02:02:05:FF:9A: HR/Temp command sent
  [JStyle TX] 21:02:02:05:FF:9A keepalive: 41000000000000000000000000000041
  [JStyle TX] 21:02:02:05:FF:9A battery: 13000000000000000000000000000013
[BLE] Devices in range: ['21:02:02:06:9F:20', '21:02:02:06:A0:63', '21:02:02:06:A0:F4', '21:02:02:06:9F:7F', '03:02:02:08:29:96', '21:02:02:05:FF:9A']
[BLE] Persistent scanner started
[BLE] Devices in range: ['2E:1C:B8:CF:AF:06(WearOS BLE=6D:70:CB:26:02:FF name=NA-W-AF06)', '21:02:02:06:9F:20', '21:02:02:06:A0:63', '21:02:02:06:A0:F4', '21:02:02:06:9F:7F', '03:02:02:08:29:96', '21:02:02:05:FF:9A']
[BLE] Devices in range: ['2E:1C:B8:CF:AF:06(WearOS BLE=6D:70:CB:26:02:FF name=NA-W-AF06)', '21:02:02:06:9F:20', '21:02:02:06:A0:63', '21:02:02:06:A0:F4', '21:02:02:06:9F:7F', '03:02:02:08:29:96', '21:02:02:05:FF:9A']
  [JStyle TX] 21:02:02:05:F9:DD keepalive: 41000000000000000000000000000041
[BLE] Devices in range: ['2E:1C:B8:CF:AF:06(WearOS BLE=6D:70:CB:26:02:FF name=NA-W-AF06)', '21:02:02:06:9F:20', '21:02:02:06:A0:63', '21:02:02:06:A0:F4', '21:02:02:06:9F:7F', '03:02:02:08:29:96', '21:02:02:05:FF:9A']
[BLE] Devices in range: ['2E:1C:B8:CF:AF:06(WearOS BLE=6D:70:CB:26:02:FF name=NA-W-AF06)', '21:02:02:06:9F:20', '21:02:02:06:A0:63', '21:02:02:06:A0:F4', '21:02:02:06:9F:7F', '03:02:02:08:29:96']
[DB] Active devices: 8
[BLE] 21:02:02:05:F9:DD: HR/Temp hard timeout (hr_samples=0, temp_samples=0)
[BLE] 21:02:02:05:F9:DD: Skipping SpO2 phase because device is explicitly off-wrist
[BLE] 21:02:02:05:F9:DD: SpO2 did not verify — keeping connection and resuming HR/Temp (count=3)
[BLE] 21:02:02:05:F9:DD: completed 1 measurement cycle(s); rotating adapter slot (cycle_seconds=42.3)
[BLE] Monitoring ended for 21:02:02:05:F9:DD
  [JStyle TX] 21:02:02:05:F9:DD HR/Temp stop: 09000000000000000000000000000009
    ⏳ 21:02:02:05:F9:DD disconnecting safely...
[BLE] 21:02:02:05:F9:DD disconnected
[BLE] Devices in range: ['2E:1C:B8:CF:AF:06(WearOS BLE=6D:70:CB:26:02:FF name=NA-W-AF06)', '21:02:02:06:9F:20', '21:02:02:06:A0:63', '21:02:02:06:A0:F4', '21:02:02:06:9F:7F', '03:02:02:08:29:96']
[BLE] Connecting to 21:02:02:06:9F:20 (BLE=21:02:02:06:9F:20, name=J2208A 069F20, RSSI=-68 dBm)...
[BLE] Connect attempt 1/1 for 21:02:02:06:9F:20
[BLE] Scanner stopped
  [JStyle TX] 21:02:02:05:FF:9A keepalive: 41000000000000000000000000000041
[BLE] Connected to 21:02:02:06:9F:20 (attempt 1)
[BLE] Starting JStyle/iStyle monitoring for 21:02:02:06:9F:20
[BLE] Persistent scanner started
[BLE] 21:02:02:06:9F:20: Phase 1 — HR/Temp stream started (minimum=15s, hard_timeout=35s)
  [JStyle TX] 21:02:02:06:9F:20 HR/Temp start: 0901000000000000000000000000000a
[BLE] 21:02:02:06:9F:20: HR/Temp command sent
  [JStyle TX] 21:02:02:06:9F:20 keepalive: 41000000000000000000000000000041
  [JStyle TX] 21:02:02:06:9F:20 battery: 13000000000000000000000000000013
[BLE] 21:02:02:05:FF:9A: HR/Temp hard timeout (hr_samples=0, temp_samples=0)
[BLE] 21:02:02:05:FF:9A: Skipping SpO2 phase because device is explicitly off-wrist
[BLE] 21:02:02:05:FF:9A: SpO2 did not verify — keeping connection and resuming HR/Temp (count=3)
[BLE] 21:02:02:05:FF:9A: completed 1 measurement cycle(s); rotating adapter slot (cycle_seconds=37.7)
[BLE] Monitoring ended for 21:02:02:05:FF:9A
  [JStyle TX] 21:02:02:05:FF:9A HR/Temp stop: 09000000000000000000000000000009
    ⏳ 21:02:02:05:FF:9A disconnecting safely...
[BLE] Devices in range: ['2E:1C:B8:CF:AF:06(WearOS BLE=6D:70:CB:26:02:FF name=NA-W-AF06)', '21:02:02:06:A0:63', '21:02:02:06:A0:F4', '21:02:02:06:9F:7F', '03:02:02:08:29:96', '21:02:02:05:F9:DD', '21:02:02:06:9F:20']
[BLE] 21:02:02:05:FF:9A disconnected
[BLE] Devices in range: ['2E:1C:B8:CF:AF:06(WearOS BLE=6D:70:CB:26:02:FF name=NA-W-AF06)', '21:02:02:06:A0:63', '21:02:02:06:A0:F4', '21:02:02:06:9F:7F', '03:02:02:08:29:96', '21:02:02:05:F9:DD', '21:02:02:05:FF:9A', '21:02:02:06:9F:20']
[BLE] Connecting to 21:02:02:06:A0:63 (BLE=21:02:02:06:A0:63, name=J2208A 06A063, RSSI=-78 dBm)...
[BLE] Connect attempt 1/1 for 21:02:02:06:A0:63
[BLE] Scanner stopped
[BLE] Connected to 21:02:02:06:A0:63 (attempt 1)
[BLE] Starting JStyle/iStyle monitoring for 21:02:02:06:A0:63
[BLE] Persistent scanner started
{"event":"operational_status","registeredDevices":8,"connectedDevices":2,"discoveredDevices":8,"scannerActive":true,"criticalMeasurement":false,"connectionBudget":3}
[DB] Active devices: 8
[BLE] 21:02:02:06:A0:63: Phase 1 — HR/Temp stream started (minimum=15s, hard_timeout=35s)
  [JStyle TX] 21:02:02:06:A0:63 HR/Temp start: 0901000000000000000000000000000a
[BLE] 21:02:02:06:A0:63: HR/Temp command sent
  [JStyle TX] 21:02:02:06:A0:63 keepalive: 41000000000000000000000000000041
  [JStyle] 21:02:02:06:A0:63: off-wrist confirmation 1/3
  [JStyle TX] 21:02:02:06:A0:63 battery: 13000000000000000000000000000013
[BLE] Devices in range: ['2E:1C:B8:CF:AF:06(WearOS BLE=6D:70:CB:26:02:FF name=NA-W-AF06)', '21:02:02:06:A0:F4', '21:02:02:06:9F:7F', '03:02:02:08:29:96', '21:02:02:05:F9:DD', '21:02:02:05:FF:9A', '21:02:02:06:A0:63']
[BLE] Devices in range: ['2E:1C:B8:CF:AF:06(WearOS BLE=6D:70:CB:26:02:FF name=NA-W-AF06)', '21:02:02:06:A0:F4', '21:02:02:06:9F:7F', '03:02:02:08:29:96', '21:02:02:05:F9:DD', '21:02:02:05:FF:9A', '21:02:02:06:A0:63']
[BLE] Connecting to 2E:1C:B8:CF:AF:06 (BLE=6D:70:CB:26:02:FF, name=NA-W-AF06, RSSI=-74 dBm)...
[BLE] Connect attempt 1/3 for 2E:1C:B8:CF:AF:06
[BLE] Scanner stopped
  [JStyle TX] 21:02:02:06:9F:20 keepalive: 41000000000000000000000000000041
[BLE] Connected to 2E:1C:B8:CF:AF:06 (attempt 1)
[BLE] Starting Wear OS monitoring for 2E:1C:B8:CF:AF:06
[WearOS] 2E:1C:B8:CF:AF:06: notify subscribed on 0000b101-0000-1000-8000-00805f9b34fb
[BLE] 21:02:02:06:9F:20: HR/Temp hard timeout (hr_samples=0, temp_samples=0)
[BLE] 21:02:02:06:9F:20: Skipping SpO2 phase because device is explicitly off-wrist
[BLE] 21:02:02:06:9F:20: SpO2 did not verify — keeping connection and resuming HR/Temp (count=3)
[BLE] 21:02:02:06:9F:20: completed 1 measurement cycle(s); rotating adapter slot (cycle_seconds=37.5)
[BLE] Monitoring ended for 21:02:02:06:9F:20
  [JStyle TX] 21:02:02:06:9F:20 HR/Temp stop: 09000000000000000000000000000009
    ⏳ 21:02:02:06:9F:20 disconnecting safely...
[BLE] 21:02:02:06:9F:20 disconnected
[BLE] Devices in range: ['2E:1C:B8:CF:AF:06(WearOS BLE=6D:70:CB:26:02:FF name=NA-W-AF06)', '21:02:02:06:A0:F4', '21:02:02:06:9F:7F', '03:02:02:08:29:96', '21:02:02:05:F9:DD', '21:02:02:05:FF:9A']
[BLE] Connecting to 21:02:02:06:A0:F4 (BLE=21:02:02:06:A0:F4, name=J2208A 06A0F4, RSSI=-78 dBm)...
[BLE] Connect attempt 1/1 for 21:02:02:06:A0:F4
[BLE] Persistent scanner started
[BLE] Scanner stopped
[DB] Active devices: 8
  [JStyle TX] 21:02:02:06:A0:63 keepalive: 41000000000000000000000000000041
[BLE] Connected to 21:02:02:06:A0:F4 (attempt 1)
[BLE] Starting JStyle/iStyle monitoring for 21:02:02:06:A0:F4
[BLE] 21:02:02:06:A0:63: HR/Temp hard timeout (hr_samples=0, temp_samples=0)
[BLE] 21:02:02:06:A0:63: waiting for isolated SpO2 measurement slot
[BLE] 21:02:02:06:A0:63: Phase 2 — isolated single-shot SpO2 measurement (queue_wait=0.0s)
  [JStyle TX] 21:02:02:06:A0:63 HR/Temp stop: 09000000000000000000000000000009
  [JStyle] 21:02:02:06:A0:63: off-wrist confirmation 2/3
[BLE] 21:02:02:06:A0:63: SpO2 stream started once (waiting for device final result)
  [JStyle TX] 21:02:02:06:A0:63 SpO2 start: 2803010000000000000000000000002c
[BLE] 21:02:02:06:A0:F4: Phase 1 — HR/Temp stream started (minimum=15s, hard_timeout=35s)
  [JStyle TX] 21:02:02:06:A0:F4 HR/Temp start: 0901000000000000000000000000000a
[BLE] 21:02:02:06:A0:F4: HR/Temp command sent
  [JStyle TX] 21:02:02:06:A0:F4 keepalive: 41000000000000000000000000000041
[WearOS] Monitoring ended for 2E:1C:B8:CF:AF:06
  [JStyle TX] 21:02:02:06:A0:F4 battery: 13000000000000000000000000000013
[BLE] Devices in range: ['21:02:02:05:FF:9A', '21:02:02:06:A0:F4']
    ⚠️ 2E:1C:B8:CF:AF:06: lock acquire error: 
[BLE] Persistent scanner started
{"event":"operational_status","registeredDevices":8,"connectedDevices":2,"discoveredDevices":5,"scannerActive":true,"criticalMeasurement":true,"connectionBudget":3}
[DB] Active devices: 8
[BLE] Devices in range: ['2E:1C:B8:CF:AF:06(WearOS BLE=6D:70:CB:26:02:FF name=NA-W-AF06)', '21:02:02:06:9F:7F', '03:02:02:08:29:96', '21:02:02:05:F9:DD', '21:02:02:05:FF:9A', '21:02:02:06:9F:20']
[BLE] 21:02:02:06:A0:63: stable SpO2 window complete
  [JStyle TX] 21:02:02:06:A0:63 SpO2 stop: 2803000000000000000000000000002b
[BLE] 21:02:02:06:A0:63: SpO2 verified=84% (LOW, single stream)
[BLE] 21:02:02:06:A0:63: completed 1 measurement cycle(s); rotating adapter slot (cycle_seconds=63.4)
[BLE] Monitoring ended for 21:02:02:06:A0:63
  [JStyle TX] 21:02:02:06:A0:63 HR/Temp stop: 09000000000000000000000000000009
    ⏳ 21:02:02:06:A0:63 disconnecting safely...
  [JStyle] 21:02:02:06:A0:63: off-wrist confirmation 1/3
[BLE] 21:02:02:06:A0:63 disconnected
[BLE] Devices in range: ['2E:1C:B8:CF:AF:06(WearOS BLE=6D:70:CB:26:02:FF name=NA-W-AF06)', '21:02:02:06:9F:7F', '03:02:02:08:29:96', '21:02:02:05:F9:DD', '21:02:02:05:FF:9A', '21:02:02:06:9F:20', '21:02:02:06:A0:63']
[BLE] Connecting to 21:02:02:06:9F:7F (BLE=21:02:02:06:9F:7F, name=J2208A 069F7F, RSSI=-79 dBm)...
[BLE] Connect attempt 1/1 for 21:02:02:06:9F:7F
[BLE] Scanner stopped
[BLE] Connected to 21:02:02:06:9F:7F (attempt 1)
[BLE] Starting JStyle/iStyle monitoring for 21:02:02:06:9F:7F
[BLE] Persistent scanner started
[BLE] 21:02:02:06:9F:7F: Phase 1 — HR/Temp stream started (minimum=15s, hard_timeout=35s)
  [JStyle TX] 21:02:02:06:9F:7F HR/Temp start: 0901000000000000000000000000000a
[BLE] 21:02:02:06:9F:7F: HR/Temp command sent
  [JStyle TX] 21:02:02:06:9F:7F keepalive: 41000000000000000000000000000041
  [JStyle TX] 21:02:02:06:9F:7F battery: 13000000000000000000000000000013
  [JStyle TX] 21:02:02:06:A0:F4 keepalive: 41000000000000000000000000000041
[BLE] Devices in range: ['2E:1C:B8:CF:AF:06(WearOS BLE=6D:70:CB:26:02:FF name=NA-W-AF06)', '03:02:02:08:29:96', '21:02:02:05:F9:DD', '21:02:02:05:FF:9A', '21:02:02:06:9F:20', '21:02:02:06:A0:63', '21:02:02:06:9F:7F']
[BLE] Devices in range: ['2E:1C:B8:CF:AF:06(WearOS BLE=6D:70:CB:26:02:FF name=NA-W-AF06)', '03:02:02:08:29:96', '21:02:02:05:F9:DD', '21:02:02:05:FF:9A', '21:02:02:06:9F:20', '21:02:02:06:A0:63', '21:02:02:06:9F:7F']
[BLE] 21:02:02:06:A0:F4: HR/Temp hard timeout (hr_samples=0, temp_samples=0)
[BLE] 21:02:02:06:A0:F4: Skipping SpO2 phase because device is explicitly off-wrist
[BLE] 21:02:02:06:A0:F4: SpO2 did not verify — keeping connection and resuming HR/Temp (count=3)
[BLE] 21:02:02:06:A0:F4: completed 1 measurement cycle(s); rotating adapter slot (cycle_seconds=50.5)
[BLE] Monitoring ended for 21:02:02:06:A0:F4
  [JStyle TX] 21:02:02:06:A0:F4 HR/Temp stop: 09000000000000000000000000000009
    ⏳ 21:02:02:06:A0:F4 disconnecting safely...
[BLE] Devices in range: ['2E:1C:B8:CF:AF:06(WearOS BLE=6D:70:CB:26:02:FF name=NA-W-AF06)', '03:02:02:08:29:96', '21:02:02:05:F9:DD', '21:02:02:05:FF:9A', '21:02:02:06:9F:20', '21:02:02:06:A0:63', '21:02:02:06:9F:7F']
[BLE] 21:02:02:06:A0:F4 disconnected
[BLE] 21:02:02:06:9F:7F: HR/Temp stable; ending phase early (elapsed=15.1s, first_hr=0.0s, first_temp=0.0s, samples=3)
[BLE] 21:02:02:06:9F:7F: waiting for isolated SpO2 measurement slot
[BLE] 21:02:02:06:9F:7F: Phase 2 — isolated single-shot SpO2 measurement (queue_wait=0.0s)
  [JStyle TX] 21:02:02:06:9F:7F HR/Temp stop: 09000000000000000000000000000009
[DB] Active devices: 8
[BLE] Scanner stopped
[BLE] 21:02:02:06:9F:7F: SpO2 stream started once (waiting for device final result)
  [JStyle TX] 21:02:02:06:9F:7F SpO2 start: 2803010000000000000000000000002c
[BLE] Devices in range: ['2E:1C:B8:CF:AF:06(WearOS BLE=6D:70:CB:26:02:FF name=NA-W-AF06)', '03:02:02:08:29:96', '21:02:02:05:F9:DD', '21:02:02:05:FF:9A', '21:02:02:06:9F:20', '21:02:02:06:A0:63', '21:02:02:06:9F:7F']
[BLE] Persistent scanner started
[BLE] Devices in range: ['2E:1C:B8:CF:AF:06(WearOS BLE=6D:70:CB:26:02:FF name=NA-W-AF06)', '03:02:02:08:29:96', '21:02:02:05:F9:DD', '21:02:02:05:FF:9A', '21:02:02:06:9F:20', '21:02:02:06:A0:63', '21:02:02:06:A0:F4', '21:02:02:06:9F:7F']
[BLE] Devices in range: ['2E:1C:B8:CF:AF:06(WearOS BLE=6D:70:CB:26:02:FF name=NA-W-AF06)', '03:02:02:08:29:96', '21:02:02:05:F9:DD', '21:02:02:05:FF:9A', '21:02:02:06:9F:20', '21:02:02:06:A0:63', '21:02:02:06:A0:F4']
[BLE] Devices in range: ['2E:1C:B8:CF:AF:06(WearOS BLE=6D:70:CB:26:02:FF name=NA-W-AF06)', '03:02:02:08:29:96', '21:02:02:05:F9:DD', '21:02:02:05:FF:9A', '21:02:02:06:9F:20', '21:02:02:06:A0:63', '21:02:02:06:A0:F4']
[BLE] 21:02:02:06:9F:7F: stable SpO2 window complete
  [JStyle TX] 21:02:02:06:9F:7F SpO2 stop: 2803000000000000000000000000002b
[BLE] 21:02:02:06:9F:7F: SpO2 verified=96% (OK, single stream)
[BLE] 21:02:02:06:9F:7F: completed 1 measurement cycle(s); rotating adapter slot (cycle_seconds=39.2)
[BLE] Monitoring ended for 21:02:02:06:9F:7F
  [JStyle TX] 21:02:02:06:9F:7F HR/Temp stop: 09000000000000000000000000000009
    ⏳ 21:02:02:06:9F:7F disconnecting safely...
[BLE] Devices in range: ['2E:1C:B8:CF:AF:06(WearOS BLE=6D:70:CB:26:02:FF name=NA-W-AF06)', '03:02:02:08:29:96', '21:02:02:05:F9:DD', '21:02:02:05:FF:9A', '21:02:02:06:9F:20', '21:02:02:06:A0:63', '21:02:02:06:A0:F4']
[BLE] Connecting to 03:02:02:08:29:96 (BLE=03:02:02:08:29:96, name=J2208A 082996, RSSI=-76 dBm)...
[BLE] Connect attempt 1/1 for 03:02:02:08:29:96
[BLE] Scanner stopped
[BLE] 21:02:02:06:9F:7F disconnected
[BLE] 03:02:02:08:29:96 disconnected
{"event":"operational_status","registeredDevices":8,"connectedDevices":0,"discoveredDevices":7,"scannerActive":false,"criticalMeasurement":false,"connectionBudget":3}
[DB] Active devices: 8
[BLE] Connected to 03:02:02:08:29:96 (attempt 1)
[BLE] Starting JStyle/iStyle monitoring for 03:02:02:08:29:96
[BLE] Persistent scanner started
[BLE] Connecting to 21:02:02:05:F9:DD (BLE=21:02:02:05:F9:DD, name=J2208A 05F9DD, RSSI=-73 dBm)...
[BLE] Connect attempt 1/1 for 21:02:02:05:F9:DD
[BLE] 03:02:02:08:29:96: Phase 1 — HR/Temp stream started (minimum=15s, hard_timeout=35s)
  [JStyle TX] 03:02:02:08:29:96 HR/Temp start: 0901000000000000000000000000000a
[BLE] 03:02:02:08:29:96: HR/Temp command sent
  [JStyle TX] 03:02:02:08:29:96 keepalive: 41000000000000000000000000000041
  [JStyle TX] 03:02:02:08:29:96 battery: 13000000000000000000000000000013
[BLE] Scanner stopped
[BLE] Connected to 21:02:02:05:F9:DD (attempt 1)
[BLE] Starting JStyle/iStyle monitoring for 21:02:02:05:F9:DD
[BLE] Persistent scanner started
[BLE] 21:02:02:05:F9:DD: Phase 1 — HR/Temp stream started (minimum=15s, hard_timeout=35s)
  [JStyle TX] 21:02:02:05:F9:DD HR/Temp start: 0901000000000000000000000000000a
[BLE] 21:02:02:05:F9:DD: HR/Temp command sent
  [JStyle TX] 21:02:02:05:F9:DD keepalive: 41000000000000000000000000000041
  [JStyle TX] 21:02:02:05:F9:DD battery: 13000000000000000000000000000013
[BLE] Devices in range: ['2E:1C:B8:CF:AF:06(WearOS BLE=6D:70:CB:26:02:FF name=NA-W-AF06)', '21:02:02:05:FF:9A', '21:02:02:06:9F:20', '21:02:02:06:A0:63', '21:02:02:06:A0:F4', '21:02:02:06:9F:7F', '21:02:02:05:F9:DD']
[BLE] Connecting to 2E:1C:B8:CF:AF:06 (BLE=6D:70:CB:26:02:FF, name=NA-W-AF06, RSSI=-79 dBm)...
[BLE] Connect attempt 1/3 for 2E:1C:B8:CF:AF:06
[BLE] Scanner stopped
[BLE] Connected to 2E:1C:B8:CF:AF:06 (attempt 1)
[BLE] Starting Wear OS monitoring for 2E:1C:B8:CF:AF:06
[WearOS] 2E:1C:B8:CF:AF:06: notify subscribed on 0000b101-0000-1000-8000-00805f9b34fb
[BLE] Devices in range: ['2E:1C:B8:CF:AF:06(WearOS BLE=6D:70:CB:26:02:FF name=NA-W-AF06)', '21:02:02:05:FF:9A', '21:02:02:06:9F:20', '21:02:02:06:9F:7F', '21:02:02:05:F9:DD']
[BLE] Devices in range: ['2E:1C:B8:CF:AF:06(WearOS BLE=6D:70:CB:26:02:FF name=NA-W-AF06)', '21:02:02:05:FF:9A', '21:02:02:06:9F:20', '21:02:02:06:9F:7F', '21:02:02:05:F9:DD']
[DB] Active devices: 8
[BLE] Devices in range: ['2E:1C:B8:CF:AF:06(WearOS BLE=6D:70:CB:26:02:FF name=NA-W-AF06)', '21:02:02:06:9F:20', '21:02:02:06:9F:7F', '21:02:02:05:F9:DD']
  [JStyle TX] 03:02:02:08:29:96 keepalive: 41000000000000000000000000000041
[BLE] Devices in range: ['2E:1C:B8:CF:AF:06(WearOS BLE=6D:70:CB:26:02:FF name=NA-W-AF06)', '21:02:02:06:9F:20', '21:02:02:06:9F:7F']
[BLE] 03:02:02:08:29:96: HR/Temp hard timeout (hr_samples=1, temp_samples=1)
[BLE] 03:02:02:08:29:96: waiting for isolated SpO2 measurement slot
[BLE] 03:02:02:08:29:96: Phase 2 — isolated single-shot SpO2 measurement (queue_wait=0.0s)
  [JStyle TX] 03:02:02:08:29:96 HR/Temp stop: 09000000000000000000000000000009
  [JStyle] 03:02:02:08:29:96: off-wrist confirmation 1/3
  [JStyle TX] 21:02:02:05:F9:DD keepalive: 41000000000000000000000000000041
[BLE] 03:02:02:08:29:96: SpO2 stream started once (waiting for device final result)
  [JStyle TX] 03:02:02:08:29:96 SpO2 start: 2803010000000000000000000000002c
[BLE] Devices in range: ['2E:1C:B8:CF:AF:06(WearOS BLE=6D:70:CB:26:02:FF name=NA-W-AF06)']
[BLE] 21:02:02:05:F9:DD: HR/Temp hard timeout (hr_samples=0, temp_samples=0)
[BLE] 21:02:02:05:F9:DD: Skipping SpO2 phase because device is explicitly off-wrist
[BLE] 21:02:02:05:F9:DD: SpO2 did not verify — keeping connection and resuming HR/Temp (count=4)
[BLE] 21:02:02:05:F9:DD: completed 1 measurement cycle(s); rotating adapter slot (cycle_seconds=39.4)
[BLE] Monitoring ended for 21:02:02:05:F9:DD
[WearOS] Monitoring ended for 2E:1C:B8:CF:AF:06
    ⚠️ 21:02:02:05:F9:DD: lock acquire error: 
  [JStyle TX] 21:02:02:05:F9:DD HR/Temp stop: 09000000000000000000000000000009
    ⏳ 21:02:02:05:F9:DD disconnecting safely...
{"event":"operational_status","registeredDevices":8,"connectedDevices":3,"discoveredDevices":0,"scannerActive":false,"criticalMeasurement":true,"connectionBudget":3}
    ⚠️ 2E:1C:B8:CF:AF:06: lock acquire error: 
[DB] Active devices: 8
[BLE] 21:02:02:05:F9:DD disconnected
[BLE] Persistent scanner started
[BLE] Devices in range: ['2E:1C:B8:CF:AF:06(WearOS BLE=6D:70:CB:26:02:FF name=NA-W-AF06)', '21:02:02:05:FF:9A', '21:02:02:06:9F:20', '21:02:02:06:A0:63', '21:02:02:06:A0:F4', '21:02:02:06:9F:7F', '21:02:02:05:F9:DD']
[BLE] Devices in range: ['2E:1C:B8:CF:AF:06(WearOS BLE=6D:70:CB:26:02:FF name=NA-W-AF06)', '21:02:02:05:FF:9A', '21:02:02:06:9F:20', '21:02:02:06:A0:63', '21:02:02:06:A0:F4', '21:02:02:06:9F:7F', '21:02:02:05:F9:DD']
[BLE] Devices in range: ['2E:1C:B8:CF:AF:06(WearOS BLE=6D:70:CB:26:02:FF name=NA-W-AF06)', '21:02:02:05:FF:9A', '21:02:02:06:9F:20', '21:02:02:06:A0:63', '21:02:02:06:A0:F4', '21:02:02:06:9F:7F', '21:02:02:05:F9:DD']
[BLE] Devices in range: ['2E:1C:B8:CF:AF:06(WearOS BLE=6D:70:CB:26:02:FF name=NA-W-AF06)', '21:02:02:05:FF:9A', '21:02:02:06:9F:20', '21:02:02:06:A0:63', '21:02:02:06:A0:F4', '21:02:02:06:9F:7F', '21:02:02:05:F9:DD']
  [JStyle TX] 03:02:02:08:29:96 SpO2 stop: 2803000000000000000000000000002b
[BLE] 03:02:02:08:29:96: SpO2 timeout after one stream (0 samples)
[BLE] 03:02:02:08:29:96: SpO2 did not verify — keeping connection and resuming HR/Temp (count=1)
[BLE] 03:02:02:08:29:96: completed 1 measurement cycle(s); rotating adapter slot (cycle_seconds=85.8)
[BLE] Monitoring ended for 03:02:02:08:29:96
  [JStyle TX] 03:02:02:08:29:96 HR/Temp stop: 09000000000000000000000000000009
    ⏳ 03:02:02:08:29:96 disconnecting safely...
[BLE] Devices in range: ['2E:1C:B8:CF:AF:06(WearOS BLE=6D:70:CB:26:02:FF name=NA-W-AF06)', '21:02:02:05:FF:9A', '21:02:02:06:9F:20', '21:02:02:06:A0:63', '21:02:02:06:A0:F4', '21:02:02:06:9F:7F', '21:02:02:05:F9:DD']
[BLE] Connecting to 21:02:02:05:FF:9A (BLE=21:02:02:05:FF:9A, name=J2208A 05FF9A, RSSI=-74 dBm)...
[BLE] Connect attempt 1/1 for 21:02:02:05:FF:9A
[BLE] Scanner stopped
[DB] Active devices: 8
[BLE] 03:02:02:08:29:96 disconnected
[BLE] 21:02:02:05:FF:9A disconnected
[BLE] Connected to 21:02:02:05:FF:9A (attempt 1)
[BLE] Starting JStyle/iStyle monitoring for 21:02:02:05:FF:9A
[BLE] Persistent scanner started
[BLE] Connecting to 21:02:02:06:9F:20 (BLE=21:02:02:06:9F:20, name=J2208A 069F20, RSSI=-63 dBm)...
[BLE] Connect attempt 1/1 for 21:02:02:06:9F:20
[BLE] Scanner stopped
[BLE] 21:02:02:05:FF:9A: Phase 1 — HR/Temp stream started (minimum=15s, hard_timeout=35s)
  [JStyle TX] 21:02:02:05:FF:9A HR/Temp start: 0901000000000000000000000000000a
[BLE] 21:02:02:05:FF:9A: HR/Temp command sent
  [JStyle TX] 21:02:02:05:FF:9A keepalive: 41000000000000000000000000000041
  [JStyle TX] 21:02:02:05:FF:9A battery: 13000000000000000000000000000013
[BLE] Connected to 21:02:02:06:9F:20 (attempt 1)
[BLE] Starting JStyle/iStyle monitoring for 21:02:02:06:9F:20
[BLE] Persistent scanner started
[BLE] 21:02:02:06:9F:20: Phase 1 — HR/Temp stream started (minimum=15s, hard_timeout=35s)
  [JStyle TX] 21:02:02:06:9F:20 HR/Temp start: 0901000000000000000000000000000a
[BLE] 21:02:02:06:9F:20: HR/Temp command sent
  [JStyle TX] 21:02:02:06:9F:20 keepalive: 41000000000000000000000000000041
  [JStyle TX] 21:02:02:06:9F:20 battery: 13000000000000000000000000000013
[BLE] Devices in range: ['2E:1C:B8:CF:AF:06(WearOS BLE=6D:70:CB:26:02:FF name=NA-W-AF06)', '21:02:02:06:A0:63', '21:02:02:06:A0:F4', '21:02:02:06:9F:7F', '03:02:02:08:29:96', '21:02:02:05:F9:DD', '21:02:02:05:FF:9A', '21:02:02:06:9F:20']
[BLE] Devices in range: ['2E:1C:B8:CF:AF:06(WearOS BLE=6D:70:CB:26:02:FF name=NA-W-AF06)', '21:02:02:06:A0:63', '21:02:02:06:A0:F4', '21:02:02:06:9F:7F', '03:02:02:08:29:96', '21:02:02:05:F9:DD', '21:02:02:05:FF:9A', '21:02:02:06:9F:20']
[BLE] Devices in range: ['2E:1C:B8:CF:AF:06(WearOS BLE=6D:70:CB:26:02:FF name=NA-W-AF06)', '21:02:02:06:A0:63', '21:02:02:06:A0:F4', '21:02:02:06:9F:7F', '03:02:02:08:29:96', '21:02:02:05:F9:DD', '21:02:02:06:9F:20']
{"event":"operational_status","registeredDevices":8,"connectedDevices":2,"discoveredDevices":7,"scannerActive":true,"criticalMeasurement":false,"connectionBudget":3}
[DB] Active devices: 8
[BLE] Devices in range: ['2E:1C:B8:CF:AF:06(WearOS BLE=6D:70:CB:26:02:FF name=NA-W-AF06)', '21:02:02:06:A0:63', '21:02:02:06:A0:F4', '21:02:02:06:9F:7F', '03:02:02:08:29:96', '21:02:02:05:F9:DD', '21:02:02:06:9F:20']
[BLE] Connecting to 2E:1C:B8:CF:AF:06 (BLE=6D:70:CB:26:02:FF, name=NA-W-AF06, RSSI=-78 dBm)...
[BLE] Connect attempt 1/3 for 2E:1C:B8:CF:AF:06
[BLE] Scanner stopped
[BLE] Connected to 2E:1C:B8:CF:AF:06 (attempt 1)
[BLE] Starting Wear OS monitoring for 2E:1C:B8:CF:AF:06
[WearOS] 2E:1C:B8:CF:AF:06: notify subscribed on 0000b101-0000-1000-8000-00805f9b34fb
  [JStyle TX] 21:02:02:05:FF:9A keepalive: 41000000000000000000000000000041
[BLE] Devices in range: ['2E:1C:B8:CF:AF:06(WearOS BLE=6D:70:CB:26:02:FF name=NA-W-AF06)', '21:02:02:06:A0:63', '21:02:02:06:A0:F4', '21:02:02:06:9F:7F', '03:02:02:08:29:96', '21:02:02:05:F9:DD']
[BLE] 21:02:02:05:FF:9A: HR/Temp hard timeout (hr_samples=0, temp_samples=0)
[BLE] 21:02:02:05:FF:9A: Skipping SpO2 phase because device is explicitly off-wrist
[BLE] 21:02:02:05:FF:9A: SpO2 did not verify — keeping connection and resuming HR/Temp (count=4)
[BLE] 21:02:02:05:FF:9A: completed 1 measurement cycle(s); rotating adapter slot (cycle_seconds=37.6)
[BLE] Monitoring ended for 21:02:02:05:FF:9A
  [JStyle TX] 21:02:02:05:FF:9A HR/Temp stop: 09000000000000000000000000000009
    ⏳ 21:02:02:05:FF:9A disconnecting safely...
  [JStyle TX] 21:02:02:06:9F:20 keepalive: 41000000000000000000000000000041
[BLE] Devices in range: ['2E:1C:B8:CF:AF:06(WearOS BLE=6D:70:CB:26:02:FF name=NA-W-AF06)', '21:02:02:06:A0:63', '21:02:02:06:A0:F4', '21:02:02:06:9F:7F', '03:02:02:08:29:96', '21:02:02:05:F9:DD']
[BLE] 21:02:02:05:FF:9A disconnected
[BLE] 21:02:02:06:9F:20: HR/Temp hard timeout (hr_samples=0, temp_samples=0)
[BLE] 21:02:02:06:9F:20: Skipping SpO2 phase because device is explicitly off-wrist
[BLE] 21:02:02:06:9F:20: SpO2 did not verify — keeping connection and resuming HR/Temp (count=4)
[BLE] 21:02:02:06:9F:20: completed 1 measurement cycle(s); rotating adapter slot (cycle_seconds=37.8)
[BLE] Monitoring ended for 21:02:02:06:9F:20
  [JStyle TX] 21:02:02:06:9F:20 HR/Temp stop: 09000000000000000000000000000009
    ⏳ 21:02:02:06:9F:20 disconnecting safely...
[BLE] Devices in range: ['2E:1C:B8:CF:AF:06(WearOS BLE=6D:70:CB:26:02:FF name=NA-W-AF06)', '21:02:02:06:A0:63', '21:02:02:06:A0:F4', '21:02:02:06:9F:7F', '03:02:02:08:29:96', '21:02:02:05:F9:DD']
[BLE] Connecting to 21:02:02:06:A0:63 (BLE=21:02:02:06:A0:63, name=J2208A 06A063, RSSI=-73 dBm)...
[BLE] Connect attempt 1/1 for 21:02:02:06:A0:63
[BLE] Persistent scanner started
[BLE] Scanner stopped
[BLE] 21:02:02:06:9F:20 disconnected
[BLE] Connected to 21:02:02:06:A0:63 (attempt 1)
[BLE] Starting JStyle/iStyle monitoring for 21:02:02:06:A0:63
[BLE] Persistent scanner started
[BLE] Connecting to 21:02:02:06:A0:F4 (BLE=21:02:02:06:A0:F4, name=J2208A 06A0F4, RSSI=-62 dBm)...
[BLE] Connect attempt 1/1 for 21:02:02:06:A0:F4
[BLE] Scanner stopped
[BLE] 21:02:02:06:A0:63: Phase 1 — HR/Temp stream started (minimum=15s, hard_timeout=35s)
  [JStyle TX] 21:02:02:06:A0:63 HR/Temp start: 0901000000000000000000000000000a
[BLE] 21:02:02:06:A0:63: HR/Temp command sent
  [JStyle TX] 21:02:02:06:A0:63 keepalive: 41000000000000000000000000000041
  [JStyle TX] 21:02:02:06:A0:63 battery: 13000000000000000000000000000013
[BLE] Connected to 21:02:02:06:A0:F4 (attempt 1)
[BLE] Starting JStyle/iStyle monitoring for 21:02:02:06:A0:F4
[DB] Active devices: 8
[BLE] 21:02:02:06:A0:F4: Phase 1 — HR/Temp stream started (minimum=15s, hard_timeout=35s)
  [JStyle TX] 21:02:02:06:A0:F4 HR/Temp start: 0901000000000000000000000000000a
[BLE] 21:02:02:06:A0:F4: HR/Temp command sent
  [JStyle TX] 21:02:02:06:A0:F4 keepalive: 41000000000000000000000000000041
  [JStyle TX] 21:02:02:06:A0:F4 battery: 13000000000000000000000000000013
[BLE] Devices in range: ['2E:1C:B8:CF:AF:06(WearOS BLE=6D:70:CB:26:02:FF name=NA-W-AF06)', '21:02:02:06:A0:63', '21:02:02:06:A0:F4']
[WearOS] Monitoring ended for 2E:1C:B8:CF:AF:06
[BLE] Devices in range: ['21:02:02:06:A0:63', '21:02:02:06:A0:F4']
[BLE] Persistent scanner started
[BLE] Devices in range: ['2E:1C:B8:CF:AF:06(WearOS BLE=6D:70:CB:26:02:FF name=NA-W-AF06)', '21:02:02:06:9F:7F', '03:02:02:08:29:96', '21:02:02:05:F9:DD', '21:02:02:05:FF:9A', '21:02:02:06:9F:20', '21:02:02:06:A0:63', '21:02:02:06:A0:F4']
[BLE] Devices in range: ['2E:1C:B8:CF:AF:06(WearOS BLE=6D:70:CB:26:02:FF name=NA-W-AF06)', '21:02:02:06:9F:7F', '03:02:02:08:29:96', '21:02:02:05:F9:DD', '21:02:02:05:FF:9A', '21:02:02:06:9F:20', '21:02:02:06:A0:F4']
[BLE] Devices in range: ['2E:1C:B8:CF:AF:06(WearOS BLE=6D:70:CB:26:02:FF name=NA-W-AF06)', '21:02:02:06:9F:7F', '03:02:02:08:29:96', '21:02:02:05:F9:DD', '21:02:02:05:FF:9A', '21:02:02:06:9F:20']
  [JStyle TX] 21:02:02:06:A0:63 keepalive: 41000000000000000000000000000041
{"event":"operational_status","registeredDevices":8,"connectedDevices":2,"discoveredDevices":6,"scannerActive":true,"criticalMeasurement":false,"connectionBudget":3}
[BLE] Devices in range: ['2E:1C:B8:CF:AF:06(WearOS BLE=6D:70:CB:26:02:FF name=NA-W-AF06)', '21:02:02:06:9F:7F', '03:02:02:08:29:96', '21:02:02:05:F9:DD', '21:02:02:05:FF:9A', '21:02:02:06:9F:20']
[DB] Active devices: 8
[BLE] 21:02:02:06:A0:63: HR/Temp hard timeout (hr_samples=1, temp_samples=1)
[BLE] 21:02:02:06:A0:63: waiting for isolated SpO2 measurement slot
[BLE] 21:02:02:06:A0:63: Phase 2 — isolated single-shot SpO2 measurement (queue_wait=0.0s)
  [JStyle TX] 21:02:02:06:A0:63 HR/Temp stop: 09000000000000000000000000000009
  [JStyle] 21:02:02:06:A0:63: off-wrist confirmation 1/3
  [JStyle TX] 21:02:02:06:A0:F4 keepalive: 41000000000000000000000000000041
[BLE] Scanner stopped
[BLE] 21:02:02:06:A0:63: SpO2 stream started once (waiting for device final result)
  [JStyle TX] 21:02:02:06:A0:63 SpO2 start: 2803010000000000000000000000002c
[BLE] Devices in range: ['2E:1C:B8:CF:AF:06(WearOS BLE=6D:70:CB:26:02:FF name=NA-W-AF06)', '21:02:02:06:9F:7F', '03:02:02:08:29:96', '21:02:02:05:F9:DD', '21:02:02:05:FF:9A', '21:02:02:06:9F:20']
[BLE] Persistent scanner started
[BLE] 21:02:02:06:A0:F4: HR/Temp hard timeout (hr_samples=0, temp_samples=0)
[BLE] 21:02:02:06:A0:F4: Skipping SpO2 phase because device is explicitly off-wrist
[BLE] 21:02:02:06:A0:F4: SpO2 did not verify — keeping connection and resuming HR/Temp (count=4)
[BLE] 21:02:02:06:A0:F4: completed 1 measurement cycle(s); rotating adapter slot (cycle_seconds=37.6)
[BLE] Monitoring ended for 21:02:02:06:A0:F4
[BLE] Devices in range: ['2E:1C:B8:CF:AF:06(WearOS BLE=6D:70:CB:26:02:FF name=NA-W-AF06)', '21:02:02:06:9F:7F', '03:02:02:08:29:96', '21:02:02:05:F9:DD', '21:02:02:05:FF:9A', '21:02:02:06:9F:20']
[BLE] Devices in range: ['2E:1C:B8:CF:AF:06(WearOS BLE=6D:70:CB:26:02:FF name=NA-W-AF06)', '21:02:02:06:9F:7F', '03:02:02:08:29:96', '21:02:02:05:F9:DD', '21:02:02:05:FF:9A', '21:02:02:06:9F:20']
    ⚠️ 21:02:02:06:A0:F4: lock acquire error: 
  [JStyle TX] 21:02:02:06:A0:F4 HR/Temp stop: 09000000000000000000000000000009
    ⏳ 21:02:02:06:A0:F4 disconnecting safely...
[BLE] Devices in range: ['2E:1C:B8:CF:AF:06(WearOS BLE=6D:70:CB:26:02:FF name=NA-W-AF06)', '21:02:02:06:9F:7F', '03:02:02:08:29:96', '21:02:02:05:F9:DD', '21:02:02:05:FF:9A', '21:02:02:06:9F:20']
[BLE] 21:02:02:06:A0:F4 disconnected
[BLE] 21:02:02:06:A0:63: stable SpO2 window complete
  [JStyle TX] 21:02:02:06:A0:63 SpO2 stop: 2803000000000000000000000000002b
[BLE] 21:02:02:06:A0:63: SpO2 verified=98% (OK, single stream)
[BLE] 21:02:02:06:A0:63: completed 1 measurement cycle(s); rotating adapter slot (cycle_seconds=58.9)
[BLE] Monitoring ended for 21:02:02:06:A0:63
  [JStyle TX] 21:02:02:06:A0:63 HR/Temp stop: 09000000000000000000000000000009
    ⏳ 21:02:02:06:A0:63 disconnecting safely...
[BLE] 21:02:02:06:A0:63 disconnected
[BLE] Devices in range: ['2E:1C:B8:CF:AF:06(WearOS BLE=6D:70:CB:26:02:FF name=NA-W-AF06)', '21:02:02:06:9F:7F', '03:02:02:08:29:96', '21:02:02:05:F9:DD', '21:02:02:05:FF:9A', '21:02:02:06:9F:20', '21:02:02:06:A0:F4']
[BLE] Connecting to 21:02:02:06:9F:7F (BLE=21:02:02:06:9F:7F, name=J2208A 069F7F, RSSI=-78 dBm)...
[BLE] Connect attempt 1/1 for 21:02:02:06:9F:7F
[BLE] Scanner stopped
[BLE] Connected to 21:02:02:06:9F:7F (attempt 1)
[BLE] Starting JStyle/iStyle monitoring for 21:02:02:06:9F:7F
[BLE] Persistent scanner started
[BLE] Connecting to 03:02:02:08:29:96 (BLE=03:02:02:08:29:96, name=J2208A 082996, RSSI=-72 dBm)...
[BLE] Connect attempt 1/1 for 03:02:02:08:29:96
[DB] Active devices: 8
[BLE] 21:02:02:06:9F:7F: Phase 1 — HR/Temp stream started (minimum=15s, hard_timeout=35s)
  [JStyle TX] 21:02:02:06:9F:7F HR/Temp start: 0901000000000000000000000000000a
[BLE] 21:02:02:06:9F:7F: HR/Temp command sent
  [JStyle TX] 21:02:02:06:9F:7F keepalive: 41000000000000000000000000000041
  [JStyle TX] 21:02:02:06:9F:7F battery: 13000000000000000000000000000013
[BLE] Scanner stopped
[BLE] Connected to 03:02:02:08:29:96 (attempt 1)
[BLE] Starting JStyle/iStyle monitoring for 03:02:02:08:29:96
[BLE] Persistent scanner started
[BLE] 03:02:02:08:29:96: Phase 1 — HR/Temp stream started (minimum=15s, hard_timeout=35s)
  [JStyle TX] 03:02:02:08:29:96 HR/Temp start: 0901000000000000000000000000000a
[BLE] 03:02:02:08:29:96: HR/Temp command sent
  [JStyle TX] 03:02:02:08:29:96 keepalive: 41000000000000000000000000000041
  [JStyle TX] 03:02:02:08:29:96 battery: 13000000000000000000000000000013
[BLE] Devices in range: ['2E:1C:B8:CF:AF:06(WearOS BLE=6D:70:CB:26:02:FF name=NA-W-AF06)', '21:02:02:05:F9:DD', '21:02:02:05:FF:9A', '21:02:02:06:9F:20', '21:02:02:06:A0:63', '21:02:02:06:A0:F4', '21:02:02:06:9F:7F', '03:02:02:08:29:96']
[BLE] Connecting to 2E:1C:B8:CF:AF:06 (BLE=6D:70:CB:26:02:FF, name=NA-W-AF06, RSSI=-78 dBm)...
[BLE] Connect attempt 1/3 for 2E:1C:B8:CF:AF:06
[BLE] Scanner stopped
[BLE] Connected to 2E:1C:B8:CF:AF:06 (attempt 1)
[BLE] Starting Wear OS monitoring for 2E:1C:B8:CF:AF:06
[WearOS] 2E:1C:B8:CF:AF:06: notify subscribed on 0000b101-0000-1000-8000-00805f9b34fb
[BLE] Devices in range: ['2E:1C:B8:CF:AF:06(WearOS BLE=6D:70:CB:26:02:FF name=NA-W-AF06)', '21:02:02:05:F9:DD', '21:02:02:05:FF:9A', '21:02:02:06:9F:20', '21:02:02:06:A0:63', '21:02:02:06:A0:F4', '03:02:02:08:29:96']
{"event":"operational_status","registeredDevices":8,"connectedDevices":3,"discoveredDevices":7,"scannerActive":false,"criticalMeasurement":false,"connectionBudget":3}
[DB] Active devices: 8
  [JStyle TX] 21:02:02:06:9F:7F keepalive: 41000000000000000000000000000041
[BLE] Devices in range: ['2E:1C:B8:CF:AF:06(WearOS BLE=6D:70:CB:26:02:FF name=NA-W-AF06)', '21:02:02:05:F9:DD', '21:02:02:05:FF:9A', '21:02:02:06:A0:63', '21:02:02:06:A0:F4', '03:02:02:08:29:96']
[BLE] Devices in range: ['2E:1C:B8:CF:AF:06(WearOS BLE=6D:70:CB:26:02:FF name=NA-W-AF06)', '21:02:02:05:F9:DD', '21:02:02:05:FF:9A', '21:02:02:06:A0:63', '21:02:02:06:A0:F4']
[BLE] 21:02:02:06:9F:7F: HR/Temp hard timeout (hr_samples=1, temp_samples=1)
[BLE] 21:02:02:06:9F:7F: waiting for isolated SpO2 measurement slot
[BLE] 21:02:02:06:9F:7F: Phase 2 — isolated single-shot SpO2 measurement (queue_wait=0.0s)
  [JStyle TX] 21:02:02:06:9F:7F HR/Temp stop: 09000000000000000000000000000009
[BLE] 21:02:02:06:9F:7F: SpO2 stream started once (waiting for device final result)
  [JStyle TX] 21:02:02:06:9F:7F SpO2 start: 2803010000000000000000000000002c
[BLE] Devices in range: ['2E:1C:B8:CF:AF:06(WearOS BLE=6D:70:CB:26:02:FF name=NA-W-AF06)', '21:02:02:05:F9:DD', '21:02:02:05:FF:9A', '21:02:02:06:A0:63', '21:02:02:06:A0:F4']
  [JStyle TX] 03:02:02:08:29:96 keepalive: 41000000000000000000000000000041
[BLE] Devices in range: ['2E:1C:B8:CF:AF:06(WearOS BLE=6D:70:CB:26:02:FF name=NA-W-AF06)', '21:02:02:05:FF:9A', '21:02:02:06:A0:F4']
[WearOS] Monitoring ended for 2E:1C:B8:CF:AF:06
[BLE] 03:02:02:08:29:96: HR/Temp hard timeout (hr_samples=1, temp_samples=1)
[BLE] 03:02:02:08:29:96: waiting for isolated SpO2 measurement slot
[DB] Active devices: 8
    ⚠️ 2E:1C:B8:CF:AF:06: lock acquire error: 
[BLE] Persistent scanner started
[BLE] Devices in range: ['2E:1C:B8:CF:AF:06(WearOS BLE=6D:70:CB:26:02:FF name=NA-W-AF06)', '21:02:02:05:F9:DD', '21:02:02:05:FF:9A', '21:02:02:06:9F:20', '21:02:02:06:A0:63', '21:02:02:06:A0:F4']
[BLE] 21:02:02:06:9F:7F: stable SpO2 window complete
  [JStyle TX] 21:02:02:06:9F:7F SpO2 stop: 2803000000000000000000000000002b
[BLE] 21:02:02:06:9F:7F: SpO2 verified=97% (OK, single stream)
[BLE] 21:02:02:06:9F:7F: completed 1 measurement cycle(s); rotating adapter slot (cycle_seconds=76.1)
[BLE] Monitoring ended for 21:02:02:06:9F:7F
[BLE] 03:02:02:08:29:96: Phase 2 — isolated single-shot SpO2 measurement (queue_wait=18.6s)
  [JStyle TX] 03:02:02:08:29:96 HR/Temp stop: 09000000000000000000000000000009
  [JStyle TX] 21:02:02:06:9F:7F HR/Temp stop: 09000000000000000000000000000009
    ⏳ 21:02:02:06:9F:7F disconnecting safely...
[BLE] Devices in range: ['2E:1C:B8:CF:AF:06(WearOS BLE=6D:70:CB:26:02:FF name=NA-W-AF06)', '21:02:02:05:F9:DD', '21:02:02:05:FF:9A', '21:02:02:06:9F:20', '21:02:02:06:A0:63', '21:02:02:06:A0:F4']
[BLE] 21:02:02:06:9F:7F disconnected
[BLE] Scanner stop error: [org.bluez.Error.InProgress] Operation already in progress
[BLE] 03:02:02:08:29:96: SpO2 stream started once (waiting for device final result)
  [JStyle TX] 03:02:02:08:29:96 SpO2 start: 2803010000000000000000000000002c
[BLE] Devices in range: ['2E:1C:B8:CF:AF:06(WearOS BLE=6D:70:CB:26:02:FF name=NA-W-AF06)', '21:02:02:05:F9:DD', '21:02:02:05:FF:9A', '21:02:02:06:9F:20', '21:02:02:06:A0:63', '21:02:02:06:A0:F4']
[BLE] Persistent scanner started
[BLE] Devices in range: ['2E:1C:B8:CF:AF:06(WearOS BLE=6D:70:CB:26:02:FF name=NA-W-AF06)', '21:02:02:05:F9:DD', '21:02:02:05:FF:9A', '21:02:02:06:9F:20', '21:02:02:06:A0:63', '21:02:02:06:A0:F4']
{"event":"operational_status","registeredDevices":8,"connectedDevices":1,"discoveredDevices":6,"scannerActive":true,"criticalMeasurement":true,"connectionBudget":3}
[DB] Active devices: 8
[BLE] Devices in range: ['2E:1C:B8:CF:AF:06(WearOS BLE=6D:70:CB:26:02:FF name=NA-W-AF06)', '21:02:02:05:F9:DD', '21:02:02:05:FF:9A', '21:02:02:06:9F:20', '21:02:02:06:A0:63', '21:02:02:06:A0:F4']
[BLE] Devices in range: ['2E:1C:B8:CF:AF:06(WearOS BLE=6D:70:CB:26:02:FF name=NA-W-AF06)', '21:02:02:05:F9:DD', '21:02:02:05:FF:9A', '21:02:02:06:9F:20', '21:02:02:06:A0:63', '21:02:02:06:A0:F4']
[BLE] Devices in range: ['2E:1C:B8:CF:AF:06(WearOS BLE=6D:70:CB:26:02:FF name=NA-W-AF06)', '21:02:02:05:FF:9A', '21:02:02:06:9F:20', '21:02:02:06:A0:63', '21:02:02:06:A0:F4']
[BLE] Devices in range: ['2E:1C:B8:CF:AF:06(WearOS BLE=6D:70:CB:26:02:FF name=NA-W-AF06)', '21:02:02:06:A0:F4']
[DB] Active devices: 8
  [JStyle TX] 03:02:02:08:29:96 SpO2 stop: 2803000000000000000000000000002b
[BLE] 03:02:02:08:29:96: SpO2 timeout after one stream (0 samples)
[BLE] 03:02:02:08:29:96: SpO2 did not verify — keeping connection and resuming HR/Temp (count=2)
[BLE] 03:02:02:08:29:96: completed 1 measurement cycle(s); rotating adapter slot (cycle_seconds=109.7)
[BLE] Monitoring ended for 03:02:02:08:29:96
  [JStyle TX] 03:02:02:08:29:96 HR/Temp stop: 09000000000000000000000000000009
    ⏳ 03:02:02:08:29:96 disconnecting safely...
[BLE] 03:02:02:08:29:96 disconnected
[BLE] Devices in range: ['2E:1C:B8:CF:AF:06(WearOS BLE=6D:70:CB:26:02:FF name=None)', '21:02:02:05:F9:DD', '21:02:02:05:FF:9A', '21:02:02:06:9F:20', '21:02:02:06:A0:F4']
[BLE] Connecting to 2E:1C:B8:CF:AF:06 (BLE=6D:70:CB:26:02:FF, name=None, RSSI=-75 dBm)...
[BLE] Connect attempt 1/3 for 2E:1C:B8:CF:AF:06
[BLE] Scanner stopped
[BLE] Connected to 2E:1C:B8:CF:AF:06 (attempt 1)
[BLE] Starting Wear OS monitoring for 2E:1C:B8:CF:AF:06
[WearOS] 2E:1C:B8:CF:AF:06: notify subscribed on 0000b101-0000-1000-8000-00805f9b34fb
[BLE] Persistent scanner started
[BLE] Connecting to 21:02:02:05:F9:DD (BLE=21:02:02:05:F9:DD, name=J2208A 05F9DD, RSSI=-76 dBm)...
[BLE] Connect attempt 1/1 for 21:02:02:05:F9:DD
[BLE] Scanner stopped
{"event":"operational_status","registeredDevices":8,"connectedDevices":1,"discoveredDevices":6,"scannerActive":false,"criticalMeasurement":false,"connectionBudget":3}
[DB] Active devices: 8
[BLE] Connected to 21:02:02:05:F9:DD (attempt 1)
[BLE] Starting JStyle/iStyle monitoring for 21:02:02:05:F9:DD
[BLE] Persistent scanner started
[BLE] Connecting to 21:02:02:05:FF:9A (BLE=21:02:02:05:FF:9A, name=J2208A 05FF9A, RSSI=-72 dBm)...
[BLE] Connect attempt 1/1 for 21:02:02:05:FF:9A
[BLE] Scanner stopped
[BLE] 21:02:02:05:F9:DD: Phase 1 — HR/Temp stream started (minimum=15s, hard_timeout=35s)
  [JStyle TX] 21:02:02:05:F9:DD HR/Temp start: 0901000000000000000000000000000a
[BLE] 21:02:02:05:F9:DD: HR/Temp command sent
  [JStyle TX] 21:02:02:05:F9:DD keepalive: 41000000000000000000000000000041
  [JStyle TX] 21:02:02:05:F9:DD battery: 13000000000000000000000000000013
[BLE] Connected to 21:02:02:05:FF:9A (attempt 1)
[BLE] Starting JStyle/iStyle monitoring for 21:02:02:05:FF:9A
[BLE] 21:02:02:05:FF:9A: Phase 1 — HR/Temp stream started (minimum=15s, hard_timeout=35s)
  [JStyle TX] 21:02:02:05:FF:9A HR/Temp start: 0901000000000000000000000000000a
[BLE] 21:02:02:05:FF:9A: HR/Temp command sent
  [JStyle TX] 21:02:02:05:FF:9A keepalive: 41000000000000000000000000000041
  [JStyle TX] 21:02:02:05:FF:9A battery: 13000000000000000000000000000013
[BLE] Devices in range: ['2E:1C:B8:CF:AF:06(WearOS BLE=6D:70:CB:26:02:FF name=NA-W-AF06)', '21:02:02:06:9F:20', '21:02:02:06:A0:F4', '21:02:02:06:9F:7F', '03:02:02:08:29:96', '21:02:02:05:F9:DD', '21:02:02:05:FF:9A']
[WearOS] Monitoring ended for 2E:1C:B8:CF:AF:06
[BLE] Devices in range: ['2E:1C:B8:CF:AF:06(WearOS BLE=6D:70:CB:26:02:FF name=NA-W-AF06)', '03:02:02:08:29:96', '21:02:02:05:FF:9A']
[BLE] Devices in range: ['03:02:02:08:29:96', '21:02:02:05:FF:9A']
[BLE] Persistent scanner started
[BLE] Devices in range: ['2E:1C:B8:CF:AF:06(WearOS BLE=6D:70:CB:26:02:FF name=NA-W-AF06)', '21:02:02:06:9F:20', '21:02:02:06:A0:63', '21:02:02:06:A0:F4', '03:02:02:08:29:96', '21:02:02:05:FF:9A']
[DB] Active devices: 8
[BLE] Devices in range: ['2E:1C:B8:CF:AF:06(WearOS BLE=6D:70:CB:26:02:FF name=NA-W-AF06)', '21:02:02:06:9F:20', '21:02:02:06:A0:63', '21:02:02:06:A0:F4', '21:02:02:06:9F:7F', '03:02:02:08:29:96', '21:02:02:05:FF:9A']
  [JStyle TX] 21:02:02:05:F9:DD keepalive: 41000000000000000000000000000041
[BLE] Devices in range: ['2E:1C:B8:CF:AF:06(WearOS BLE=6D:70:CB:26:02:FF name=NA-W-AF06)', '21:02:02:06:9F:20', '21:02:02:06:A0:63', '21:02:02:06:A0:F4', '21:02:02:06:9F:7F', '03:02:02:08:29:96']
  [JStyle TX] 21:02:02:05:FF:9A keepalive: 41000000000000000000000000000041
[BLE] 21:02:02:05:F9:DD: HR/Temp hard timeout (hr_samples=0, temp_samples=0)
[BLE] 21:02:02:05:F9:DD: Skipping SpO2 phase because device is explicitly off-wrist
[BLE] 21:02:02:05:F9:DD: SpO2 did not verify — keeping connection and resuming HR/Temp (count=5)
[BLE] 21:02:02:05:F9:DD: completed 1 measurement cycle(s); rotating adapter slot (cycle_seconds=42.3)
[BLE] Monitoring ended for 21:02:02:05:F9:DD
  [JStyle TX] 21:02:02:05:F9:DD HR/Temp stop: 09000000000000000000000000000009
    ⏳ 21:02:02:05:F9:DD disconnecting safely...
[BLE] Devices in range: ['2E:1C:B8:CF:AF:06(WearOS BLE=6D:70:CB:26:02:FF name=NA-W-AF06)', '21:02:02:06:9F:20', '21:02:02:06:A0:63', '21:02:02:06:A0:F4', '21:02:02:06:9F:7F', '03:02:02:08:29:96']
[BLE] 21:02:02:05:F9:DD disconnected
[BLE] 21:02:02:05:FF:9A: HR/Temp hard timeout (hr_samples=0, temp_samples=0)
[BLE] 21:02:02:05:FF:9A: Skipping SpO2 phase because device is explicitly off-wrist
[BLE] 21:02:02:05:FF:9A: SpO2 did not verify — keeping connection and resuming HR/Temp (count=5)
[BLE] 21:02:02:05:FF:9A: completed 1 measurement cycle(s); rotating adapter slot (cycle_seconds=37.7)
[BLE] Monitoring ended for 21:02:02:05:FF:9A
  [JStyle TX] 21:02:02:05:FF:9A HR/Temp stop: 09000000000000000000000000000009
    ⏳ 21:02:02:05:FF:9A disconnecting safely...
[BLE] Devices in range: ['2E:1C:B8:CF:AF:06(WearOS BLE=6D:70:CB:26:02:FF name=NA-W-AF06)', '21:02:02:06:9F:20', '21:02:02:06:A0:63', '21:02:02:06:A0:F4', '21:02:02:06:9F:7F', '03:02:02:08:29:96', '21:02:02:05:F9:DD']
[BLE] Connecting to 21:02:02:06:9F:20 (BLE=21:02:02:06:9F:20, name=J2208A 069F20, RSSI=-64 dBm)...
[BLE] Connect attempt 1/1 for 21:02:02:06:9F:20
[BLE] Scanner stopped
[BLE] 21:02:02:05:FF:9A disconnected
[BLE] Connected to 21:02:02:06:9F:20 (attempt 1)
[BLE] Starting JStyle/iStyle monitoring for 21:02:02:06:9F:20
[BLE] Persistent scanner started
[BLE] Connecting to 21:02:02:06:A0:63 (BLE=21:02:02:06:A0:63, name=J2208A 06A063, RSSI=-68 dBm)...
[BLE] Connect attempt 1/1 for 21:02:02:06:A0:63
[BLE] 21:02:02:06:9F:20: Phase 1 — HR/Temp stream started (minimum=15s, hard_timeout=35s)
  [JStyle TX] 21:02:02:06:9F:20 HR/Temp start: 0901000000000000000000000000000a
[BLE] 21:02:02:06:9F:20: HR/Temp command sent
  [JStyle TX] 21:02:02:06:9F:20 keepalive: 41000000000000000000000000000041
  [JStyle TX] 21:02:02:06:9F:20 battery: 13000000000000000000000000000013
[BLE] Scanner stopped
{"event":"operational_status","registeredDevices":8,"connectedDevices":1,"discoveredDevices":8,"scannerActive":false,"criticalMeasurement":false,"connectionBudget":3}
[BLE] Connected to 21:02:02:06:A0:63 (attempt 1)
[BLE] Starting JStyle/iStyle monitoring for 21:02:02:06:A0:63
[BLE] Persistent scanner started
[DB] Active devices: 8
[BLE] 21:02:02:06:A0:63: Phase 1 — HR/Temp stream started (minimum=15s, hard_timeout=35s)
  [JStyle TX] 21:02:02:06:A0:63 HR/Temp start: 0901000000000000000000000000000a
[BLE] 21:02:02:06:A0:63: HR/Temp command sent
  [JStyle TX] 21:02:02:06:A0:63 keepalive: 41000000000000000000000000000041
  [JStyle TX] 21:02:02:06:A0:63 battery: 13000000000000000000000000000013
[BLE] Devices in range: ['2E:1C:B8:CF:AF:06(WearOS BLE=6D:70:CB:26:02:FF name=NA-W-AF06)', '21:02:02:06:A0:F4', '21:02:02:06:9F:7F', '03:02:02:08:29:96', '21:02:02:05:F9:DD', '21:02:02:05:FF:9A', '21:02:02:06:9F:20', '21:02:02:06:A0:63']
[BLE] Devices in range: ['2E:1C:B8:CF:AF:06(WearOS BLE=6D:70:CB:26:02:FF name=NA-W-AF06)', '21:02:02:06:A0:F4', '21:02:02:06:9F:7F', '03:02:02:08:29:96', '21:02:02:05:F9:DD', '21:02:02:05:FF:9A', '21:02:02:06:9F:20', '21:02:02:06:A0:63']
[BLE] Devices in range: ['2E:1C:B8:CF:AF:06(WearOS BLE=6D:70:CB:26:02:FF name=NA-W-AF06)', '21:02:02:06:A0:F4', '21:02:02:06:9F:7F', '03:02:02:08:29:96', '21:02:02:05:F9:DD', '21:02:02:05:FF:9A', '21:02:02:06:9F:20', '21:02:02:06:A0:63']
[BLE] Devices in range: ['2E:1C:B8:CF:AF:06(WearOS BLE=6D:70:CB:26:02:FF name=NA-W-AF06)', '21:02:02:06:A0:F4', '21:02:02:06:9F:7F', '03:02:02:08:29:96', '21:02:02:05:F9:DD', '21:02:02:05:FF:9A', '21:02:02:06:A0:63']
[BLE] Connecting to 2E:1C:B8:CF:AF:06 (BLE=6D:70:CB:26:02:FF, name=NA-W-AF06, RSSI=-72 dBm)...
[BLE] Connect attempt 1/3 for 2E:1C:B8:CF:AF:06
[BLE] Scanner stopped
[BLE] Connected to 2E:1C:B8:CF:AF:06 (attempt 1)
[BLE] Starting Wear OS monitoring for 2E:1C:B8:CF:AF:06
[WearOS] 2E:1C:B8:CF:AF:06: notify subscribed on 0000b101-0000-1000-8000-00805f9b34fb
  [JStyle TX] 21:02:02:06:9F:20 keepalive: 41000000000000000000000000000041
[BLE] Devices in range: ['2E:1C:B8:CF:AF:06(WearOS BLE=6D:70:CB:26:02:FF name=NA-W-AF06)', '21:02:02:06:A0:F4', '21:02:02:06:9F:7F', '03:02:02:08:29:96', '21:02:02:05:F9:DD', '21:02:02:05:FF:9A']
[DB] Active devices: 8
[BLE] 21:02:02:06:9F:20: HR/Temp hard timeout (hr_samples=0, temp_samples=0)
[BLE] 21:02:02:06:9F:20: Skipping SpO2 phase because device is explicitly off-wrist
[BLE] 21:02:02:06:9F:20: SpO2 did not verify — keeping connection and resuming HR/Temp (count=5)
[BLE] 21:02:02:06:9F:20: completed 1 measurement cycle(s); rotating adapter slot (cycle_seconds=37.8)
[BLE] Monitoring ended for 21:02:02:06:9F:20
  [JStyle TX] 21:02:02:06:9F:20 HR/Temp stop: 09000000000000000000000000000009
    ⏳ 21:02:02:06:9F:20 disconnecting safely...
  [JStyle TX] 21:02:02:06:A0:63 keepalive: 41000000000000000000000000000041
[BLE] 21:02:02:06:9F:20 disconnected
[BLE] Devices in range: ['2E:1C:B8:CF:AF:06(WearOS BLE=6D:70:CB:26:02:FF name=NA-W-AF06)', '21:02:02:06:A0:F4', '21:02:02:06:9F:7F', '03:02:02:08:29:96', '21:02:02:05:F9:DD', '21:02:02:05:FF:9A']
[BLE] Connecting to 21:02:02:06:A0:F4 (BLE=21:02:02:06:A0:F4, name=J2208A 06A0F4, RSSI=-67 dBm)...
[BLE] Connect attempt 1/1 for 21:02:02:06:A0:F4
[BLE] Persistent scanner started
[BLE] Scanner stopped
[BLE] 21:02:02:06:A0:63: HR/Temp hard timeout (hr_samples=1, temp_samples=1)
[BLE] 21:02:02:06:A0:63: waiting for isolated SpO2 measurement slot
[BLE] 21:02:02:06:A0:63: Phase 2 — isolated single-shot SpO2 measurement (queue_wait=0.0s)
  [JStyle TX] 21:02:02:06:A0:63 HR/Temp stop: 09000000000000000000000000000009
[WearOS] Monitoring ended for 2E:1C:B8:CF:AF:06
[BLE] Connected to 21:02:02:06:A0:F4 (attempt 1)
[BLE] Starting JStyle/iStyle monitoring for 21:02:02:06:A0:F4
[BLE] 21:02:02:06:A0:63: SpO2 stream started once (waiting for device final result)
  [JStyle TX] 21:02:02:06:A0:63 SpO2 start: 2803010000000000000000000000002c
[BLE] 21:02:02:06:A0:F4: Phase 1 — HR/Temp stream started (minimum=15s, hard_timeout=35s)
  [JStyle TX] 21:02:02:06:A0:F4 HR/Temp start: 0901000000000000000000000000000a
{"event":"operational_status","registeredDevices":8,"connectedDevices":3,"discoveredDevices":7,"scannerActive":false,"criticalMeasurement":true,"connectionBudget":3}
[DB] Active devices: 8
[BLE] 21:02:02:06:A0:F4: HR/Temp command sent
  [JStyle TX] 21:02:02:06:A0:F4 keepalive: 41000000000000000000000000000041
  [JStyle TX] 21:02:02:06:A0:F4 battery: 13000000000000000000000000000013
[BLE] Devices in range: ['2E:1C:B8:CF:AF:06(WearOS BLE=6D:70:CB:26:02:FF name=NA-W-AF06)', '21:02:02:06:9F:7F', '03:02:02:08:29:96', '21:02:02:05:FF:9A', '21:02:02:06:9F:20', '21:02:02:06:A0:F4']
    ⚠️ 2E:1C:B8:CF:AF:06: lock acquire error: 
[BLE] Devices in range: ['21:02:02:06:A0:F4']
[BLE] Persistent scanner started
[BLE] Devices in range: ['2E:1C:B8:CF:AF:06(WearOS BLE=6D:70:CB:26:02:FF name=NA-W-AF06)', '03:02:02:08:29:96', '21:02:02:05:F9:DD', '21:02:02:05:FF:9A']
[BLE] Devices in range: ['2E:1C:B8:CF:AF:06(WearOS BLE=6D:70:CB:26:02:FF name=NA-W-AF06)', '03:02:02:08:29:96', '21:02:02:05:F9:DD', '21:02:02:05:FF:9A']
[BLE] Devices in range: ['2E:1C:B8:CF:AF:06(WearOS BLE=6D:70:CB:26:02:FF name=NA-W-AF06)', '21:02:02:06:9F:7F', '03:02:02:08:29:96', '21:02:02:05:F9:DD', '21:02:02:05:FF:9A', '21:02:02:06:9F:20']
[BLE] Devices in range: ['2E:1C:B8:CF:AF:06(WearOS BLE=6D:70:CB:26:02:FF name=NA-W-AF06)', '21:02:02:06:9F:7F', '03:02:02:08:29:96', '21:02:02:05:F9:DD', '21:02:02:05:FF:9A', '21:02:02:06:9F:20']
[DB] Active devices: 8
  [JStyle TX] 21:02:02:06:A0:F4 keepalive: 41000000000000000000000000000041
[BLE] Devices in range: ['2E:1C:B8:CF:AF:06(WearOS BLE=6D:70:CB:26:02:FF name=NA-W-AF06)', '21:02:02:06:9F:7F', '03:02:02:08:29:96', '21:02:02:05:F9:DD', '21:02:02:05:FF:9A', '21:02:02:06:9F:20']
